,artist,title,release_format,number_of_tracks,price,rating,votes,have,want,limited_edition,media_condition,sleeve_condition,release_page,year,label_name,label_code
0,The Lords Of The New Church*,Dance With Me,"12""",2,1.50,4.29,38,376,129,0,VG+,VG+,https://discogs.com/release/1586778-The-Lords-Of-The-New-Church-Dance-With-Me?ev=item-vc,1983,I.R.S. Records ‎,"PFSX1022, I.R.S. Records ‎– PFSX 1022"
1,The Toy Dolls*,The Toy Dolls EP,"7""",4,280.00,4.14,7,105,272,0,NM ,NM ,https://discogs.com/release/4171903-The-Toy-Dolls-The-Toy-Dolls-EP?ev=item-vc,1981,G.B.H. Records ‎,GRC 104
2,The Carpettes,Small Wonder?,"7""",2,250.00,4.58,31,227,365,1,NM ,NM ,https://discogs.com/release/1250376-The-Carpettes-Small-Wonder?ev=item-vc,1978,Small Wonder Records ‎,"small 9, Small Wonder Records ‎– small nine"
3,2 Katara,Break At Home (Original Studio Recordings 1981-1991),LP,14,28.64,4.76,34,236,177,0,M,M,https://discogs.com/release/10985046-2-Katara-Break-At-Home-Original-Studio-Recordings-1981-1991?ev=item-vc,2017,Into The Light Records ‎,ITL006
4,Blondie,サンデー・ガール = Sunday Girl,"7""",2,23.00,4.46,13,272,79,0,VG+,VG+,https://discogs.com/release/2325422-Blondie-%E3%82%B5%E3%83%B3%E3%83%87%E3%83%BC%E3%82%AC%E3%83%BC%E3%83%AB-Sunday-Girl?ev=item-vc,1979,Chrysalis ‎,WWR-20607
5,The Cure,4:13 Dream,LP,13,245.00,3.86,302,2682,1020,0,M,M,https://discogs.com/release/1540864-The-Cure-413-Dream?ev=item-vc,2008,Suretone ‎,"B0010913-01, Geffen Records ‎– B0010913-01"
7,Patti Smith Group,Wave,LP,9,8.50,4.00,210,2675,165,0,VG+,VG,https://discogs.com/release/1103962-Patti-Smith-Group-Wave?ev=item-vc,1979,Arista ‎,"1C 064-62 516, EMI Electrola ‎– 1C 064-62 516"
8,The Jesus And Mary Chain,Some Candy Talking E.P.,"7""",7,31.00,4.45,20,507,122,0,VG+,VG+,https://discogs.com/release/10962901-The-Jesus-And-Mary-Chain-Some-Candy-Talking-EP?ev=item-vc,1986,Blanco Y Negro ‎,"NEG 19F, Blanco Y Negro ‎– 248650-7"
9,Devo,Smooth Noodle Maps,LP,23,59.90,4.10,10,158,75,1,M,M,https://discogs.com/release/13320935-Devo-Smooth-Noodle-Maps-?ev=item-vc,2019,Futurismo ‎,FUTNO31C
13,The Cure,Pornography,LP,8,48.90,4.68,101,1869,299,1,M,M,https://discogs.com/release/22965692-The-Cure-Pornography?ev=item-vc,2022,Polydor ‎,"384 311-5, Fiction Records ‎– 384 311-5, UMC ‎– 384 311-5"
14,Kenjiro Sakiya,Difference,LP,9,50.00,4.54,13,69,202,0,NM ,NM ,https://discogs.com/release/6867100-Kenjiro-Sakiya-Difference?ev=item-vc,1987,Canyon ‎,C28A0578
16,The Fall,"Medicine For The Masses (The Rough Trade 7"" Singles Box Set)","7""",14,54.90,4.43,23,345,105,1,M,M,https://discogs.com/release/13506341-The-Fall-Medicine-For-The-Masses-The-Rough-Trade-7-Singles-Box-Set?ev=item-vc,2019,BMG ‎,BMGCAT668BOX
17,Tom Verlaine /,Kingdom Come,"7""",2,19.00,4.22,152,2012,261,1,NM ,NM ,https://discogs.com/release/6907729-Tom-Verlaine-David-Bowie-Kingdom-Come?ev=item-vc,2015,Elektra ‎,"R7-547633, Parlophone ‎– R7-547633"
18,The Tights,Bad Hearts,"7""",3,125.00,4.64,56,385,514,0,NM ,NM ,https://discogs.com/release/1858905-The-Tights-Bad-Hearts-?ev=item-vc,1978,Cherry Red ‎,Cherry 1
19,Mark Beer,Pretty,"7""",2,6.00,3.50,2,26,21,0,NM ,NM ,https://discogs.com/release/2115626-Mark-Beer-Pretty?ev=item-vc,1981,VIP (2) ‎,VIP 10335
20,Live Wire (3),Money / Hit & Run Driver,"12""",2,10.44,N/A,N/A,10,2,0,NM ,VG,https://discogs.com/release/3674496-Live-Wire-Money-Hit-Run-Driver?ev=item-vc,1979,A&M Records ‎,12PRM 007
21,Fischer-Z,Word Salad,LP,12,4.00,3.90,88,835,15,0,VG+,VG+,https://discogs.com/release/1705219-Fischer-Z-Word-Salad?ev=item-vc,1984,Liberty ‎,"1A 038 1575091, Fame ‎– 1A 038 1575091, EMI ‎– 1A 038 1575091"
22,The B-52's,Play Loud,LP,9,4.00,4.32,302,2684,405,0,VG+,VG+,https://discogs.com/release/491221-The-B-52s-Play-Loud?ev=item-vc,1981,Island Records ‎,"200 776, Island Records ‎– 200 776-320"
23,86 (2),Minutes In A Day - Six Song EP,"12""",6,4.99,3.86,7,60,26,0,NM ,NM ,https://discogs.com/release/2340880-86-Minutes-In-A-Day-Six-Song-EP?ev=item-vc,1986,Fundamental ‎,"HOLY 4, Twilight Records (6) ‎– HOLY 4"
24,A Scanner Darkly,This Is The Way,LP,10,9.99,3.64,11,96,61,0,NM ,NM ,https://discogs.com/release/348503-A-Scanner-Darkly-This-Is-The-Way?ev=item-vc,1988,Sub Rosa ‎,SUB 33010-14
25,Exposure (9),Lief Des Lied = Song Of Love,"12""",3,1.99,3.50,2,21,3,0,NM ,NM ,https://discogs.com/release/1507578-Exposure-Lief-Des-Lied-Song-Of-Love?ev=item-vc,1984,Statik Records ‎,TAK 23/12
26,The Blow Monkeys,It Doesn't Have To Be This Way (Long),"12""",3,3.99,4.17,72,808,88,0,NM ,VG+,https://discogs.com/release/492479-The-Blow-Monkeys-It-Doesnt-Have-To-Be-This-Way-Long?ev=item-vc,Jan,RCA ‎,MONKT 4
27,Marc Almond,The Stars We Are,LP,10,4.99,3.83,47,478,53,0,VG+,VG+,https://discogs.com/release/1746582-Marc-Almond-The-Stars-We-Are?ev=item-vc,1989,Parlophone ‎,"7 92012 1, Some Bizzare ‎– 7 92012 1, EMI ‎– 7 92012 1"
28,mittageisen,Mittageisen,LP,9,99.00,4.50,34,122,335,0,VG+,VG+,https://discogs.com/release/371175-mittageisen-Mittageisen?ev=item-vc,1983,Luna-MB-Musik ‎,LUNA MB 8303
29,Simonics,Under A Glass Bell,"12""",3,4.99,4.00,7,33,23,0,NM ,VG+,https://discogs.com/release/2855145-Simonics-Under-A-Glass-Bell?ev=item-vc,1984,Arcadia ‎,SLUG 12
31,Various,Rock Und Pop Im Ruhrgebiet,LP,14,12.99,3.86,7,80,83,0,VG+,VG+,https://discogs.com/release/6827718-Various-Rock-Und-Pop-Im-Ruhrgebiet?ev=item-vc,1984,WunschKlang ‎,WK 8410
32,The Hot Rods*,The Curse Of The Hot Rods,LP,13,16.99,3.73,11,119,56,0,NM ,NM ,https://discogs.com/release/2308728-The-Hot-Rods-The-Curse-Of-The-Hot-Rods?ev=item-vc,1990,Hound Dog Records ‎,But 002
33,Vorgruppe,Im Herzen Von Nielsen 2,LP,13,14.99,3.70,44,262,181,0,VG+,VG+,https://discogs.com/release/1094895-Vorgruppe-Im-Herzen-Von-Nielsen-2?ev=item-vc,1981,Nielsen 2 Schallplatten ‎,1001
34,Quarterflash,Back Into Blue,LP,10,2.99,3.65,26,280,18,0,VG+,VG+,https://discogs.com/release/1835727-Quarterflash-Back-Into-Blue?ev=item-vc,1985,Geffen Records ‎,GEF 26650
35,The Blood Uncles,Let's Go Crazy,"12""",3,2.99,4.25,4,58,11,0,NM ,NM ,https://discogs.com/release/867165-The-Blood-Uncles-Lets-Go-Crazy?ev=item-vc,1987,Virgin ‎,VST 1015
36,Lets Wreck Mother,Cuts,"12""",3,4.99,3.80,5,31,11,0,NM ,NM ,https://discogs.com/release/1620167-Lets-Wreck-Mother-Cuts?ev=item-vc,1985,Flicknife Records ‎,"FLEP 105, Flicknife Records ‎– FLEP105"
37,The Living Daylights (3),Any Way You Want,LP,10,4.99,3.22,9,61,49,0,NM ,VG+,https://discogs.com/release/1118607-The-Living-Daylights-Any-Way-You-Want?ev=item-vc,1984,In Phaze Records ‎,PHA 4
38,Nasa,Boy King And The Lizard Girl,"12""",6,5.99,3.67,12,70,24,0,NM ,VG+,https://discogs.com/release/832722-Nasa-Boy-King-And-The-Lizard-Girl?ev=item-vc,1987,Fun After All ‎,12FAA109
39,The Balcony,Redder Than Burning Coals,"12""",3,8.99,4.00,2,12,13,0,NM ,NM ,https://discogs.com/release/2477807-The-Balcony-Redder-Than-Burning-Coals?ev=item-vc,1987,Pink Pop ‎,POP 002
41,The Motels,Only The Lonely,"7""",2,2.99,4.00,7,94,23,0,NM ,VG+,https://discogs.com/release/2579164-The-Motels-Only-The-Lonely?ev=item-vc,1982,Capitol Records ‎,CL 263
42,Howard Werth,4D Man,"7""",2,2.99,5.00,1,20,16,0,NM ,VG+,https://discogs.com/release/1941102-Howard-Werth-4D-Man?ev=item-vc,1982,Metabop Records ‎,WERTH 1
43,Altered Images,Pinky Blue,"7""",2,1.99,3.52,21,467,36,0,NM ,VG+,https://discogs.com/release/1271612-Altered-Images-Pinky-Blue?ev=item-vc,1982,Epic ‎,EPC A2426
44,The Boomtown Rats,Charmed Lives,"7""",2,1.99,3.00,4,81,9,0,VG+,VG+,https://discogs.com/release/368444-The-Boomtown-Rats-Charmed-Lives?ev=item-vc,Jun,Mercury ‎,MER 106
45,Ian Gomm,She'll Never Take The Place Of You / Hole In The Middle,"7""",2,2.49,3.00,7,40,2,0,NM ,VG+,https://discogs.com/release/2669670-Ian-Gomm-Shell-Never-Take-The-Place-Of-You-Hole-In-The-Middle?ev=item-vc,1982,Albion Records ‎,ION-1026
46,Fear Of Darkness,Lay Me Down,"12""",3,2.99,3.00,1,14,20,0,NM ,NM ,https://discogs.com/release/3891349-Fear-Of-Darkness-Lay-Me-Down?ev=item-vc,1987,Sugar Shack Records ‎,FOD 003
48,Guerre Froide,Untitled,"12""",4,180.00,4.61,51,110,585,0,VG+,VG+,https://discogs.com/release/824564-Guerre-Froide-Untitled?ev=item-vc,1981,Stechak ‎,Stechak Product 001
49,Ernst Leben,Bald Wirds Ernst,LP,20,44.95,4.00,1,27,6,1,M,M,https://discogs.com/release/26046112-Ernst-Leben-Bald-Wirds-Ernst?ev=item-vc,2023,Minimalkombinat ‎,MK110
50,The Raincoats,Odyshape,LP,9,38.00,3.78,9,93,200,0,NM ,VG+,https://discogs.com/release/3064358-The-Raincoats-Odyshape?ev=item-vc,1981,Pure Freude ‎,"PURE FREUDE 10 CK 5, Pure Freude ‎– 0647 098"
51,Blondie,Blondie,LP,11,75.00,4.07,95,979,811,0,NM ,NM ,https://discogs.com/release/5239953-Blondie-Blondie?ev=item-vc,Jan,Private Stock ‎,PS 2023
52,Extraballe,Sale Romance / Rien,"7""",2,5.00,4.25,4,41,12,0,VG+,VG,https://discogs.com/release/4556390-Extraballe-Sale-Romance-Rien?ev=item-vc,1980,CBS ‎,CBS 9017
53,Elvis Costello And The Attractions*,Radio Radio,"7""",2,12.00,4.21,137,2209,158,0,VG+,VG+,https://discogs.com/release/418917-Elvis-Costello-And-The-Attractions-Radio-Radio?ev=item-vc,1978,Radar Records (5) ‎,ADA 24
54,"Jacky Galou,",Changeons Le Décor!,"7""",4,4.00,4.67,3,15,8,0,VG+,M,https://discogs.com/release/10667892-Jacky-Galou-Cyrille-Dupont-Sylvie-Camacho-Changeons-Le-D%C3%A9cor?ev=item-vc,1982,Unidisc (2) ‎,ACA 003-82
55,Les Avions,Les Avions,Mini-Album,7,10.00,3.38,8,73,13,0,NM ,NM ,https://discogs.com/release/2567424-Les-Avions-Les-Avions?ev=item-vc,1982,Underdog (5) ‎,67.942
56,Adan & Ilse*,Cold Flesh / Boys In Eyeliner,"12""",6,18.00,4.29,7,31,13,1,M,M,https://discogs.com/release/6632723-Adan-Ilse-Cold-Flesh-Boys-In-Eyeliner?ev=item-vc,2014,Unknown Pleasures Records ‎,UPR 007
59,Mr. Mister,Go On...,LP,10,12.00,4.47,17,253,27,0,M,NM ,https://discogs.com/release/8570484-Mr-Mister-Go-On?ev=item-vc,1987,RCA Victor ‎,6276-1-R
61,Taxxi,Girl (New York City),"7""",2,5.00,4.00,9,81,3,0,NM ,NM ,https://discogs.com/release/1229297-Taxxi-Girl-New-York-City?ev=item-vc,1982,Fantasy ‎,49899
62,Beau Geste (2),Leader,"7""",2,5.00,N/A,N/A,13,3,0,NM ,VG+,https://discogs.com/release/10256959-Beau-Geste-Leader?ev=item-vc,1981,WEA ‎,"18765, WEA ‎– 18 765"
63,Vog (2),In The Crowd / Didn't I,"7""",2,3.00,N/A,N/A,7,9,0,NM ,F,https://discogs.com/release/3110322-Vog-In-The-Crowd-Didnt-I?ev=item-vc,1981,Sirocco ‎,2097 417
64,Pretenders*,Pretenders II,LP,12,17.00,3.87,53,553,54,0,NM ,NM ,https://discogs.com/release/3074665-Pretenders-Pretenders-II?ev=item-vc,1981,Real Records (2) ‎,2C 070-64518
67,Ice (52),Ice,"12""",4,25.00,4.29,14,62,88,0,VG+,VG+,https://discogs.com/release/1964961-Ice-Ice?ev=item-vc,1984,Caapare ‎,CAA 002
71,Sepher,City Hunter,"12""",3,12.00,4.25,8,26,19,0,NM ,NM ,https://discogs.com/release/2247395-Sepher-City-Hunter?ev=item-vc,1985,Lice Records ‎,ST 26
72,Les Désaxés,Tout Ce Que Je Veux,"7""",2,8.00,4.43,7,109,10,0,NM ,NM ,https://discogs.com/release/3607182-Les-D%C3%A9sax%C3%A9s-Tout-Ce-Que-Je-Veux?ev=item-vc,1985,Reflexes ‎,FAB 47
75,Culture Club,Colour By Numbers,LP,10,10.00,3.71,14,229,53,0,NM ,NM ,https://discogs.com/release/5855937-Culture-Club-Colour-By-Numbers?ev=item-vc,1984,Virgin Records ‎,"V2285, Virgin Records ‎– 70127, Virgin Records ‎– 70 127, Virgin Records ‎– 70127/97448"
76,Bruno Carone,Pom Pom,"7""",2,5.00,3.25,4,15,5,0,M,NM ,https://discogs.com/release/3328035-Bruno-Carone-Pom-Pom?ev=item-vc,1983,ejc ‎,EJC 23001
78,Sapho,"Passions, Passons",LP,10,9.00,4.17,41,444,287,0,NM ,NM ,https://discogs.com/release/475100-Sapho-Passions-Passons?ev=item-vc,1985,Celluloid ‎,"CEL 6766, Antigel ‎– CEL 6766"
82,Richard Hell And The Voidoids*,Blank Generation,LP,10,80.00,4.41,79,871,452,0,NM ,NM ,https://discogs.com/release/1831694-Richard-Hell-And-The-Voidoids-Blank-Generation?ev=item-vc,1977,Sire ‎,"9103 327, Sire ‎– 9103-327"
86,The Imposter (2),Pills And Soap,"7""",2,10.00,4.08,106,1811,32,0,NM ,,https://discogs.com/release/537495-The-Imposter-Pills-And-Soap?ev=item-vc,1983,Imp Records ‎,IMP 001
87,Les Arrache-Coeurs,Candy,"7""",2,20.00,4.20,5,12,27,0,NM ,VG+,https://discogs.com/release/4015218-Les-Arrache-Coeurs-Candy?ev=item-vc,1983,Monsieur Vinyl Records ‎,MVR 02
89,Bow Wow Wow,W.O.R.K. (N.O. Nah No! No! My Daddy Don't),"7""",2,10.00,3.62,13,243,49,0,NM ,VG+,https://discogs.com/release/1353909-Bow-Wow-Wow-WORK-NO-Nah-No-No-My-Daddy-Dont?ev=item-vc,1981,EMI ‎,EMI 5153
90,Bashung*,Pizza,LP,11,20.00,3.98,84,1065,55,0,NM ,NM ,https://discogs.com/release/2412310-Bashung-Pizza?ev=item-vc,1981,Philips ‎,6313 129
92,Elvis Costello And The Attractions*,Everyday I Write The Book,"7""",2,9.00,4.28,64,1122,46,0,NM ,VG+,https://discogs.com/release/418541-Elvis-Costello-And-The-Attractions-Everyday-I-Write-The-Book?ev=item-vc,1983,F-Beat ‎,"XX 32, F-Beat ‎– XX32"
94,Starshooter,Chez Les Autres…,LP,10,5.00,3.58,65,579,41,0,VG+,,https://discogs.com/release/863452-Starshooter-Chez-Les-Autres?ev=item-vc,1980,Pathé ‎,"2C 070-72104, Pathé ‎– 2C 070 - 72.104"
96,Les Désaxés,Juste 15 Ans,"7""",2,4.00,3.43,7,79,8,0,NM ,NM ,https://discogs.com/release/4453148-Les-D%C3%A9sax%C3%A9s-Juste-15-Ans?ev=item-vc,1983,Fabien Garage ‎,"FAB 27, Reflexes ‎– FAB 27"
97,Richard Lloyd,Black To White,"7""",2,6.00,N/A,N/A,8,13,0,M,VG+,https://discogs.com/release/2851234-Richard-Lloyd-Black-To-White?ev=item-vc,1985,Barclay ‎,883 688-7
98,Alice Cooper (2),Flush The Fashion,LP,10,24.00,4.35,40,301,67,1,M,M,https://discogs.com/release/12278702-Alice-Cooper-Flush-The-Fashion?ev=item-vc,2018,Warner Bros. Records ‎,603497860753
104,Various,Bouncing In The Red - A Birmingham Compilation,LP,12,15.00,3.40,10,185,50,0,NM ,NM ,https://discogs.com/release/1641902-Various-Bouncing-In-The-Red-A-Birmingham-Compilation?ev=item-vc,1980,Odeon ‎,EMC 3343
109,Apple Pie (4),Hey Diva (Trans Europ-Express),"7""",2,7.00,3.50,2,14,3,0,NM ,NM ,https://discogs.com/release/7197825-Apple-Pie-Hey-Diva-Trans-Europ-Express?ev=item-vc,1983,Arabella ‎,102842
111,Viki & Flört*,Viki & Flört,LP,12,7.00,3.50,10,76,17,0,VG+,VG+,https://discogs.com/release/3548394-Viki-Fl%C3%B6rt-Viki-Fl%C3%B6rt?ev=item-vc,1985,Pepita ‎,SLPM 17890
113,Gary Windo,Dogface,LP,11,8.00,4.14,7,35,16,0,NM ,VG+,https://discogs.com/release/2534049-Gary-Windo-Dogface?ev=item-vc,1982,Europa Records ‎,JP 2011
114,Graham Parker And The Rumour,The Parkerilla,LP,13,14.00,3.64,11,101,6,0,NM ,VG+,https://discogs.com/release/5427033-Graham-Parker-And-The-Rumour-The-Parkerilla?ev=item-vc,1978,Vertigo ‎,9102 024
115,Helden (11),Crazy Rythm,"7""",2,12.00,4.33,3,10,9,0,NM ,NM ,https://discogs.com/release/8775798-Helden-Crazy-Rythm?ev=item-vc,1984,Hirondelle ‎,HIR 184
117,Christophe J. &,Wall Of Kampa,"7""",3,10.00,4.00,2,7,5,0,M,NM ,https://discogs.com/release/4022435-Christophe-J-Ji%C5%99%C3%AD-Smetana-Wall-Of-Kampa?ev=item-vc,1990,Mute Sonet France ‎,90653
119,The Boomtown Rats,I Don't Like Mondays,"7""",2,5.00,3.36,14,232,16,0,NM ,,https://discogs.com/release/9185931-The-Boomtown-Rats-I-Dont-Like-Mondays?ev=item-vc,1979,Ensign ‎,ENY 30
120,Bauhaus,The Sky's Gone Out,LP,23,60.00,4.34,142,1597,489,0,NM ,NM ,https://discogs.com/release/1443368-Bauhaus-The-Skys-Gone-Out?ev=item-vc,1982,Beggars Banquet ‎,"BEGA 42, Beggars Banquet ‎– BEGA 38"
122,Dyan Diamond,In The Dark,LP,12,12.00,4.33,3,14,13,0,NM ,NM ,https://discogs.com/release/6494392-Dyan-Diamond-In-The-Dark?ev=item-vc,1978,MCA Records ‎,414051
125,The Psychedelic Furs,Heaven,"7""",2,10.00,4.00,3,30,25,0,VG+,,https://discogs.com/release/5112505-The-Psychedelic-Furs-Heaven?ev=item-vc,1984,Columbia ‎,38-04627
126,A Flock Of Seagulls,Talking,"7""",2,18.00,4.31,39,372,161,0,NM ,NM ,https://discogs.com/release/121442-A-Flock-Of-Seagulls-Talking?ev=item-vc,Jul,Cocteau Records ‎,Coq 3
131,Lichtblick,Du Riechst So Gut / Mir Geht Der Arsch Auf Grundeis,"7""",2,3.00,4.00,11,102,39,0,NM ,VG+,https://discogs.com/release/1060088-Lichtblick-Du-Riechst-So-Gut-Mir-Geht-Der-Arsch-Auf-Grundeis?ev=item-vc,Apr,Bacillus Records ‎,"100·09·001, Bellaphon ‎– 100·09·001"
132,Toyah (3),Anthem,LP,13,7.00,3.80,10,65,15,0,VG+,VG+,https://discogs.com/release/2326595-Toyah-Anthem?ev=item-vc,1981,Safari Records ‎,SAF 50.003
135,Suzanne Fellini,Love On The Phone,"7""",2,5.00,4.00,2,13,10,0,NM ,VG+,https://discogs.com/release/4351832-Suzanne-Fellini-Love-On-The-Phone-?ev=item-vc,1980,Casablanca ‎,6198 337
136,Lene Lovich,Stateless,LP,11,8.00,3.63,30,347,51,0,VG+,VG+,https://discogs.com/release/4014315-Lene-Lovich-Stateless?ev=item-vc,1978,Stiff Records ‎,940 807
137,Henriette Coulouvrat,Recalcitrante,LP,9,19.00,4.23,13,30,89,0,VG+,VG,https://discogs.com/release/3863819-Henriette-Coulouvrat-Recalcitrante?ev=item-vc,1982,RKM ‎,763.609
139,Various,The Secret Policeman's Concert,LP,11,16.00,4.00,47,679,27,0,NM ,VG+,https://discogs.com/release/1903614-Various-The-Secret-Policemans-Concert?ev=item-vc,1982,Springtime ‎,"6313 297, Island Records ‎– 6313 297"
142,Inner landscapes,The Gospel According To The Women In White,LP,11,170.00,5.00,1,8,39,0,NM ,VG+,https://discogs.com/release/12193594-Inner-landscapes-The-Gospel-According-To-The-Women-In-White?ev=item-vc,1983,Inner Landscapes Records ‎,WIW1984
143,Ny Gate,Ny Gate,33,6,19.00,3.60,5,44,15,0,NM ,VG+,https://discogs.com/release/1907562-Ny-Gate-Ny-Gate?ev=item-vc,1986,Not On Label ‎,none
145,Patrick Vidal,Six AM,"7""",2,5.00,4.33,3,20,5,0,NM ,VG,https://discogs.com/release/1119479-Patrick-Vidal-Six-AM?ev=item-vc,1990,New Rose Records ‎,NEW 135
146,Any Trouble,Any Trouble,LP,10,7.00,4.00,1,16,7,0,NM ,VG,https://discogs.com/release/14197782-Any-Trouble-Any-Trouble?ev=item-vc,1983,EMI America ‎,400 1791
150,Material,Discourse,"7""",2,5.00,4.36,11,141,109,0,NM ,VG,https://discogs.com/release/1488243-Material-Discourse?ev=item-vc,1980,Red Records (4) ‎,RS 004
151,The Names,Night Shift,"7""",2,29.00,5.00,4,74,79,0,NM ,NM ,https://discogs.com/release/7352840-The-Names-Night-Shift?ev=item-vc,Feb,Factory ‎,Fac 29
153,S. T. Fibres*,Let's Face The Music And Dance,"7""",2,4.00,3.64,11,103,21,0,NM ,VG+,https://discogs.com/release/4830260-S-T-Fibres-Lets-Face-The-Music-And-Dance?ev=item-vc,1980,Rialto ‎,"101370, Vogue ‎– 101370"
154,The Stranglers,The Collection 1977 - 1982,LP,14,24.00,3.93,14,142,52,0,M,M,https://discogs.com/release/2111502-The-Stranglers-The-Collection-1977-1982?ev=item-vc,,Fame ‎,"FA 3230, Liberty ‎– FA 3230, Fame ‎– 41 3230 1"
155,Bill Pritchard,Tommy & Co,"7""",2,5.00,5.00,1,12,3,0,NM ,NM ,https://discogs.com/release/12468901-Bill-Pritchard-Tommy-Co?ev=item-vc,1989,Midnight Music ‎,"DING 47, Midnight Music ‎– 126002"
156,The Stranglers,Live (X Cert),LP,11,35.00,3.97,246,3170,165,0,M,NM ,https://discogs.com/release/406666-The-Stranglers-Live-X-Cert?ev=item-vc,1979,United Artists Records ‎,UAG 30224
168,Professor Anonymous,Living In The World,LP,12,7.00,4.00,2,25,20,0,NM ,G+,https://discogs.com/release/2791970-Professor-Anonymous-Living-In-The-World?ev=item-vc,1980,Line Records ‎,LLP 5091 AP
171,Marie Et Les Garçons,Rien A Dire,"7""",3,70.00,4.38,29,138,183,0,NM ,NM ,https://discogs.com/release/2600693-Marie-Et-Les-Gar%C3%A7ons-Rien-A-Dire?ev=item-vc,1977,Rebel Records (6) ‎,RB 7701
179,Various,Debüt LP / Zeitschrift Ausgabe 6 (Nr. 06),LP,17,2.00,3.54,41,495,23,0,VG+,VG+,https://discogs.com/release/700184-Various-Deb%C3%BCt-LP-Zeitschrift-Ausgabe-6-Nr-06?ev=item-vc,1984,Debüt ‎,05.1984
180,Various,Alles Für Zuhause (Die Neue Deutsche Welle),LP,16,5.00,N/A,N/A,37,10,0,VG+,VG,https://discogs.com/release/20244763-Various-Alles-F%C3%BCr-Zuhause-Die-Neue-Deutsche-Welle?ev=item-vc,1982,Polystar (3) ‎,295253
182,Various,Prima Tanzmusik,"10""",11,4.50,3.85,134,1434,52,0,VG+,VG+,https://discogs.com/release/237226-Various-Prima-Tanzmusik?ev=item-vc,1982,Reflektor Z ‎,0040.232
183,Arcadia (3),Election Day,"7""",2,3.00,3.50,2,71,18,0,VG+,VG+,https://discogs.com/release/11476753-Arcadia-Election-Day?ev=item-vc,1985,Parlophone Odeon Series ‎,1C 006-20 0813 7
187,Wire,Mannequin,"7""",3,250.00,4.59,75,576,943,1,VG+,NM ,https://discogs.com/release/886668-Wire-Mannequin?ev=item-vc,1977,Harvest ‎,HAR 5144
189,Gruppo Sportivo,Very Nice,"7""",2,5.00,3.33,3,65,5,0,NM ,VG+,https://discogs.com/release/542555-Gruppo-Sportivo-Very-Nice?ev=item-vc,1981,Ariola ‎,103.050
190,Pierrot Le Fou (4),Le Seul Slow / Les Ondes A Lula,"7""",2,8.00,4.00,1,14,8,0,NM ,NM ,https://discogs.com/release/5443265-Pierrot-Le-Fou-Le-Seul-Slow-Les-Ondes-A-Lula?ev=item-vc,1981,Riff Productions (2) ‎,"102 805, Riff Productions (2) ‎– 102805"
191,The Cure,Kiss Me Kiss Me Kiss Me,LP,18,22.00,4.16,729,6683,1255,0,VG+,VG+,https://discogs.com/release/193517-The-Cure-Kiss-Me-Kiss-Me-Kiss-Me?ev=item-vc,1987,Fiction Records ‎,832 130-1
193,Synthetronics Project,Spanish Synthesizer,LP,11,6.25,4.50,4,22,10,0,VG+,NM ,https://discogs.com/release/4340542-Synthetronics-Project-Spanish-Synthesizer?ev=item-vc,1992,Horus ‎,42.014
194,Tom Robinson,Now Martin's Gone,"7""",2,3.25,4.00,2,15,4,0,NM ,VG,https://discogs.com/release/1219737-Tom-Robinson-Now-Martins-Gone?ev=item-vc,1982,Victoria ‎,VIC-31
200,A Flock Of Seagulls,Wishing (If I Had A Photograph Of You),"7""",2,2.25,4.38,13,51,24,0,VG+,VG,https://discogs.com/release/1545279-A-Flock-Of-Seagulls-Wishing-If-I-Had-A-Photograph-Of-You?ev=item-vc,1983,Jive ‎,B-105.005
202,Still Life (3),Away From This Town,"7""",2,3.45,3.00,2,4,3,0,VG+,VG+,https://discogs.com/release/7568204-Still-Life-Away-From-This-Town?ev=item-vc,1982,Regard Records ‎,RG 102
211,Sindicato Malone,Piña Colada,"12""",3,3.75,4.25,4,49,9,0,VG+,VG,https://discogs.com/release/2914069-Sindicato-Malone-Pi%C3%B1a-Colada?ev=item-vc,1985,DRO ‎,2D-124
214,Various,Ku (Ibiza Summer Sound '85),"12""",4,4.45,4.50,4,30,32,0,G,,https://discogs.com/release/2654828-Various-Ku-Ibiza-Summer-Sound-85?ev=item-vc,1985,Producciones Twins ‎,T 1212
215,Ramoncín,La Chica De La Puerta 16,"7""",2,6.25,5.00,1,32,1,0,M,VG,https://discogs.com/release/3700152-Ramonc%C3%ADn-La-Chica-De-La-Puerta-16?ev=item-vc,1984,Hispavox ‎,(45) 445 145
216,Dollkraut,Fetish EP,"10""",2,29.90,4.83,53,390,358,0,M,M,https://discogs.com/release/11850847-Dollkraut-Fetish-EP?ev=item-vc,2018,Charlois ‎,CHAR14
219,The Apartments,The Evening Visits....And Stays For Years,LP,9,10.99,4.14,49,380,169,0,VG+,P,https://discogs.com/release/1006417-The-Apartments-The-Evening-VisitsAnd-Stays-For-Years?ev=item-vc,1985,Rough Trade ‎,ROUGH 88
221,Rudi,Big Time,"7""",2,125.00,4.73,11,189,315,0,NM ,VG+,https://discogs.com/release/1999201-Rudi-Big-Time?ev=item-vc,Oct,Good Vibrations Records ‎,GOT 1
222,Latin Quarter,Modern Times,"12""",2,19.90,4.17,18,124,11,0,M,NM ,https://discogs.com/release/1696433-Latin-Quarter-Modern-Times?ev=item-vc,1985,Rockin' Horse Records ‎,ZT40524
226,Mu: Pradʒékt*,Asia Dream,LP,9,12.00,4.64,11,101,84,0,VG+,VG+,https://discogs.com/release/19383643-Mu-Prad%CA%92%C3%A9kt-Asia-Dream?ev=item-vc,2021,Granit records (3) ‎,GR 003
227,The Animals,Ark,LP,12,13.90,3.41,76,776,34,0,NM ,NM ,https://discogs.com/release/1452687-The-Animals-Ark?ev=item-vc,1983,Illegal Records (2) ‎,"ILP 25646, Illegal Records (2) ‎– 25646"
231,Malcolm McLaren,Duck Rock,LP,11,17.90,4.15,94,983,239,0,NM ,NM ,https://discogs.com/release/911039-Malcolm-McLaren-Duck-Rock?ev=item-vc,1983,Charisma ‎,"810 432-1, Charisma ‎– MMLP1"
234,Siouxsie And The Banshees*,Nocturne,LP,16,9.90,4.28,111,1349,273,0,VG,VG,https://discogs.com/release/457198-Siouxsie-And-The-Banshees-Nocturne?ev=item-vc,1983,Wonderland (3) ‎,"815 979-1, Polydor ‎– 815 979-1"
235,Tempo (2),Beat Beat Beat,"10""",7,22.99,4.00,17,76,107,0,NM ,VG+,https://discogs.com/release/817159-Tempo-Beat-Beat-Beat?ev=item-vc,Oct,Tempo Records (12) ‎,MID 1
236,Fischer-Z,The Best,LP,19,99.99,4.67,3,16,18,0,NM ,VG+,https://discogs.com/release/8158522-Fischer-Z-The-Best?ev=item-vc,1995,EMI Electrola ‎,7243 8 35190 1 9
238,The Cassandra Complex,Cyberpunx,LP,14,9.90,3.96,27,231,50,0,VG+,VG+,https://discogs.com/release/888682-The-Cassandra-Complex-Cyberpunx?ev=item-vc,1990,Globus International ‎,"21 0030-1 311, Globus International ‎– 21 0030 - 1311"
239,Johnny Thunders,"Que Sera, Sera",LP,10,11.99,4.23,13,172,85,0,NM ,P,https://discogs.com/release/1404013-Johnny-Thunders-Que-Sera-Sera?ev=item-vc,1985,Jungle Records ‎,FREUD 9
243,Kaliandro,Male D'Africa,"7""",2,6.99,5.00,1,5,14,0,M,NM ,https://discogs.com/release/8310345-Kaliandro-Male-DAfrica?ev=item-vc,1985,NAR ‎,PD 00985
248,Faust'o,Faust'o,LP,10,49.99,4.39,23,197,94,0,M,VG+,https://discogs.com/release/1184393-Fausto-Fausto?ev=item-vc,1983,Ricordi ‎,SMRL 6296
256,Alberto Macario &,Madfilth,LP,9,269.99,4.46,13,25,268,0,M,M,https://discogs.com/release/4098166-Alberto-Macario-Mariangela-Rodin-Madfilth?ev=item-vc,1980,Cinevox Record ‎,SC 33. 43
257,Nico (3) +,Camera Obscura,LP,9,29.99,4.50,4,31,123,0,NM ,VG+,https://discogs.com/release/4111363-Nico-3-The-Faction-Camera-Obscura?ev=item-vc,1985,Ricordi International ‎,SNIR 25112
259,Bengodia,There Is A World In My Hands,"12""",3,19.99,3.73,11,17,30,0,M,VG,https://discogs.com/release/2053170-Bengodia-There-Is-A-World-In-My-Hands?ev=item-vc,1987,Panarecord ‎,PDM 12002
265,Evo (5),Rough Man,"7""",2,14.99,4.00,5,9,22,0,M,NM ,https://discogs.com/release/3734149-Evo-Rough-Man?ev=item-vc,1985,Cultura & Musica ‎,PN 0119
266,Art Fleury,New Performer,"7""",2,5.99,3.57,7,17,25,0,NM ,VG+,https://discogs.com/release/1596484-Art-Fleury-New-Performer?ev=item-vc,1983,Suono Records ‎,SR 7122 B
267,The Piranhas,Play Kwela!,"7""",3,14.99,N/A,N/A,13,16,0,NM ,VG+,https://discogs.com/release/3509694-The-Piranhas-Play-Kwela?ev=item-vc,1980,Durium ‎,DE 3151
271,Tik And Tok*,Summer In The City,"7""",2,3.99,4.00,17,102,58,0,NM ,VG+,https://discogs.com/release/585821-Tik-And-Tok-Summer-In-The-City?ev=item-vc,1982,Survival Records ‎,SUR P 007
273,Dead Fingers Talk,Storm The Reality Studios,LP,11,34.99,5.00,1,9,15,0,NM ,VG+,https://discogs.com/release/2482567-Dead-Fingers-Talk-Storm-The-Reality-Studios?ev=item-vc,1978,Pye Records ‎,PYLP 87015
275,Brian Eno -,The Jezebel Spirit,"7""",2,9.99,4.00,1,33,108,0,M,VG+,https://discogs.com/release/3063015-Brian-Eno-David-Byrne-The-Jezebel-Spirit?ev=item-vc,1981,EG ‎,"2002 070, Polydor ‎– 2002 070"
276,ZYX,Trust No Woman,LP,10,75.00,4.47,38,108,413,0,NM ,VG,https://discogs.com/release/1490003-ZYX-Trust-No-Woman?ev=item-vc,1981,OK Musica ‎,76.23561
278,Hans-A-Plast,2,LP,11,29.90,4.08,129,1415,355,0,NM ,NM ,https://discogs.com/release/491327-Hans-A-Plast-2?ev=item-vc,Jan,No Fun Records ‎,NF 007
280,Jody Harris /,Escape,LP,5,21.90,4.00,1,28,48,0,VG+,VG+,https://discogs.com/release/16993800-Jody-Harris-Robert-Quine-Escape?ev=item-vc,1981,Infidelity (2) ‎,JMB-236
284,The Cure,Three Imaginary Boys,LP,13,39.90,4.44,161,1736,594,0,M,M,https://discogs.com/release/1307886-The-Cure-Three-Imaginary-Boys?ev=item-vc,Jan,Lilith Ltd ‎,"LRI30P, Lilith Ltd ‎– LR130LPP"
287,The Tourists,The Tourists,LP,12,16.90,4.00,6,135,80,0,NM ,NM ,https://discogs.com/release/931210-The-Tourists-The-Tourists?ev=item-vc,1979,Logo ‎,0064.019
290,The Count Bishops,The Count Bishops,LP,12,13.90,3.97,74,658,185,0,VG+,VG+,https://discogs.com/release/2393664-The-Count-Bishops-The-Count-Bishops?ev=item-vc,Jul,Chiswick Records ‎,WIK 1
295,Th' Dudes*,Right First Time,LP,9,24.90,3.60,5,58,34,0,NM ,VG+,https://discogs.com/release/2065090-Th-Dudes-Right-First-Time?ev=item-vc,1979,Bellaphon ‎,BBS 25120
297,The Incredible Fred Banana Combo*,FBC,LP,12,15.90,4.13,23,202,52,0,NM ,NM ,https://discogs.com/release/1601619-The-Incredible-Fred-Banana-Combo-FBC?ev=item-vc,1981,GeeBeeDee ‎,GBD 0020
299,Twice A Man,From A Northern Shore,LP,8,13.90,4.36,14,214,83,0,NM ,NM ,https://discogs.com/release/951354-Twice-A-Man-From-A-Northern-Shore?ev=item-vc,1985,Yellow Ltd. ‎,EFA 08- 2201
300,Various,Start Swimming,LP,10,19.90,3.97,29,477,78,0,NM ,NM ,https://discogs.com/release/686170-Various-Start-Swimming?ev=item-vc,1981,Stiff America ‎,SINK 1
304,New Model Army,The Price,"12""",5,22.90,4.15,54,874,73,0,NM ,NM ,https://discogs.com/release/395245-New-Model-Army-The-Price?ev=item-vc,Oct,Abstract Records ‎,12 ABS 028
308,SPK,"Digitalis Ambigua, Gold And Poison",LP,10,14.90,3.74,80,796,260,0,NM ,NM ,https://discogs.com/release/60226-SPK-Digitalis-Ambigua-Gold-And-Poison?ev=item-vc,1987,Nettwerk ‎,NTL30017
309,Various,Concerts For The People Of Kampuchea,LP,20,7.00,3.82,78,875,38,0,VG+,VG+,https://discogs.com/release/1624120-Various-Concerts-For-The-People-Of-Kampuchea?ev=item-vc,1981,Atlantic ‎,ATL 60 153
311,Nik Kershaw,Collected,LP,26,50.00,5.00,2,12,8,1,M,M,https://discogs.com/release/26699897-Nik-Kershaw-Collected?ev=item-vc,2023,Music On Vinyl ‎,"MOVLP3299, Universal Music ‎– MOVLP3299"
313,Bobby Joe Long's Friendship Party,AOH!,LP,9,33.00,5.00,2,13,6,1,M,M,https://discogs.com/release/24916844-Bobby-Joe-Longs-Friendship-Party-AOH?ev=item-vc,2022,Aldebaran Records ‎,ALDBN070LP
314,The Cars,Candy-O,LP,11,77.00,4.59,185,1696,417,1,M,M,https://discogs.com/release/3214946-The-Cars-Candy-O?ev=item-vc,2011,Mobile Fidelity Sound Lab ‎,MFSL 1-324
322,The Weeknd,Dawn FM,LP,16,52.00,4.60,318,6450,1013,0,M,M,https://discogs.com/release/23000420-The-Weeknd-Dawn-FM?ev=item-vc,2022,XO ‎,"B0035096-01, Republic Records ‎– B0035096-01"
324,Nick Cave & The Bad Seeds,Kicking Against The Pricks,LP,12,37.00,4.39,109,1771,291,0,M,M,https://discogs.com/release/6330644-Nick-Cave-The-Bad-Seeds-Kicking-Against-The-Pricks?ev=item-vc,2014,Mute ‎,"LPSEEDS3, BMG ‎– LPSEEDS3"
327,Pere Ubu,New Picnic Time,LP,10,42.00,4.80,10,140,94,0,M,M,https://discogs.com/release/10371089-Pere-Ubu-New-Picnic-Time?ev=item-vc,2017,Fire Records ‎,FIRELP363
329,Chrisma (2),Chinese Restaurant,LP,9,29.00,4.43,53,570,348,0,M,M,https://discogs.com/release/6676874-Chrisma-Chinese-Restaurant?ev=item-vc,2014,Spittle Records ‎,Spittle51LP
330,The Fall,Slates,LP,14,33.00,4.48,23,434,116,0,M,M,https://discogs.com/release/21058045-The-Fall-Slates?ev=item-vc,2021,Superior Viaduct ‎,"SV114, Superior Viaduct ‎– SV114-1"
336,Rodion G.A.*,Behind The Curtain (The Lost Album),LP,36,32.00,3.74,19,156,234,0,M,M,https://discogs.com/release/6205781-Rodion-GA-Behind-The-Curtain-The-Lost-Album?ev=item-vc,2014,BBE ‎,BBE290ALP
337,Nouvelle Vague,Bande À Part,LP,14,125.00,4.41,41,369,521,0,NM ,VG+,https://discogs.com/release/737150-Nouvelle-Vague-Bande-%C3%80-Part?ev=item-vc,2006,Peacefrog Records ‎,PFG079
338,Wild Nothing,Empty Estate,EP,7,31.00,4.16,43,646,151,0,M,M,https://discogs.com/release/4564385-Wild-Nothing-Empty-Estate?ev=item-vc,2013,Captured Tracks ‎,CT-174
339,Arthur's Landing,Arthur's Landing,LP,12,22.00,4.87,31,256,145,0,M,M,https://discogs.com/release/2673773-Arthurs-Landing-Arthurs-Landing?ev=item-vc,Jan,Strut ‎,STRUT061LP
341,Twins (15),Nothing Left,LP,7,15.00,4.60,15,81,90,1,M,M,https://discogs.com/release/7329791-Twins-Nothing-Left?ev=item-vc,2015,Clear (4) ‎,CLEAR-LP-TWINS
342,Various,Bezerk Times,LP,18,12.90,3.96,28,321,8,0,NM ,M,https://discogs.com/release/2198694-Various-Bezerk-Times?ev=item-vc,1978,Beserkley ‎,"6.28 457, Beserkley ‎– 6.28 457 DP"
344,Alice (4),Personal Juke Box,LP,12,36.00,4.42,12,101,4,0,M,M,https://discogs.com/release/21039772-Alice-Personal-Juke-Box?ev=item-vc,2021,Warner Records ‎,5054197115783
346,The Bollock Brothers,Never Mind The Bollocks 1983,LP,12,24.90,4.00,1,47,14,0,NM ,NM ,https://discogs.com/release/14637716-The-Bollock-Brothers-Never-Mind-The-Bollocks-1983?ev=item-vc,1983,Charly Records ‎,BOLL 101
347,Niklas Wandt,Solar Müsli,LP,7,39.00,4.60,5,39,26,0,M,M,https://discogs.com/release/20523292-Niklas-Wandt-Solar-M%C3%BCsli?ev=item-vc,2021,Bureau B ‎,BB 382
348,Various,Ursprung,LP,12,11.90,3.31,16,183,16,0,NM ,NM ,https://discogs.com/release/1223765-Various-Ursprung?ev=item-vc,1982,Sparkasse ‎,S 10004
351,Litfiba,Pirata,LP,11,46.00,4.84,32,312,14,1,M,M,https://discogs.com/release/19583299-Litfiba-Pirata?ev=item-vc,2021,EastWest ‎,5054197104763
354,Kiev Stingl,Teuflisch,LP,8,9.90,4.27,22,180,33,0,NM ,NM ,https://discogs.com/release/2289499-Kiev-Stingl-Teuflisch?ev=item-vc,1979,Ahorn ‎,"1.003, Ahorn ‎– 6.23742 AP, Ahorn ‎– 6.23 742, Ahorn ‎– AHORN 1003"
355,The Piranhas,The Piranhas,LP,13,8.90,3.71,24,260,33,0,VG+,NM ,https://discogs.com/release/1072011-The-Piranhas-The-Piranhas?ev=item-vc,1980,Hansa ‎,202 927-320
366,Killing Joke,Killing Joke,LP,8,40.00,4.57,94,1390,296,0,M,M,https://discogs.com/release/16415610-Killing-Joke-Killing-Joke?ev=item-vc,2020,Spinefarm Records ‎,SPINE515345
372,CSS,La Liberación,LP,11,23.00,4.26,23,225,71,0,NM ,NM ,https://discogs.com/release/3089244-CSS-La-Liberaci%C3%B3n?ev=item-vc,Sep,V2 records ‎,VVR773178
375,Kym Amps,You Don't Know My Name (But I Know You),LP,7,22.00,4.88,24,116,150,0,NM ,NM ,https://discogs.com/release/13720785-Kym-Amps-You-Dont-Know-My-Name-But-I-Know-You?ev=item-vc,2019,Monte Cristo ‎,MOCR002
381,Duran Duran,Paper Gods,"12""",22,550.00,4.45,22,105,178,1,M,M,https://discogs.com/release/9505074-Duran-Duran-Paper-Gods?ev=item-vc,2016,The Vinyl factory ‎,VF212
386,The Moody Blues,The Present,LP,10,8.90,3.81,73,758,27,0,NM ,VG+,https://discogs.com/release/4386707-The-Moody-Blues-The-Present?ev=item-vc,1983,Threshold (5) ‎,"6.25633 AO, Threshold (5) ‎– 6.25 633"
389,Japan,Obscure Alternatives,LP,8,18.90,3.98,64,610,96,0,VG+,NM ,https://discogs.com/release/850661-Japan-Obscure-Alternatives?ev=item-vc,,Hansa International ‎,"200 166, Hansa International ‎– 200 166-320"
391,Simple Minds,Life In A Day,LP,10,11.90,3.72,29,456,106,0,VG+,NM ,https://discogs.com/release/905344-Simple-Minds-Life-In-A-Day?ev=item-vc,1979,Zoom Records ‎,"201 159, Arista ‎– 201 159"
395,Neon Indian,Psychic Chasms / Mind Ctrl: Psychic Chasms Possessed,LP,23,49.00,4.52,27,135,335,0,NM ,NM ,https://discogs.com/release/2590935-Neon-Indian-Psychic-Chasms-Mind-Ctrl-Psychic-Chasms-Possessed?ev=item-vc,Nov,Static Tongues ‎,STATICT01LP
400,Strassenjungs,Das Beste,LP,14,13.90,3.79,19,238,7,0,NM ,NM ,https://discogs.com/release/800841-Strassenjungs-Das-Beste?ev=item-vc,1989,Tritt Record ‎,TRITT 10
411,Genya Ravan,...And I Mean It!,LP,10,14.00,3.39,18,269,17,0,NM ,VG+,https://discogs.com/release/6496385-Genya-Ravan-And-I-Mean-It?ev=item-vc,1979,20th Century Fox Records ‎,T-595
412,Public Image Limited,Live At Rockpalast 1983,"12""",13,38.90,4.65,20,218,125,1,M,NM ,https://discogs.com/release/3554271-Public-Image-Limited-Live-At-Rockpalast-1983?ev=item-vc,2012,MIG ‎,MIG 90421 3LP Ltd
418,Prince Of The Blood,Portsmouth,LP,11,6.90,4.44,9,72,41,0,NM ,VG+,https://discogs.com/release/2371477-Prince-Of-The-Blood-Portsmouth?ev=item-vc,1987,Roof Records ‎,"LP 6284, Roof Records ‎– 06284"
419,Various,Outro Tempo (Single Promocional),"12""",2,12.00,4.77,31,319,190,0,NM ,NM ,https://discogs.com/release/13393892-Various-Outro-Tempo-Single-Promocional?ev=item-vc,2019,Music From Memory ‎,MFM039
420,The Durutti Column,The Return Of The Durutti Column,LP,14,39.00,4.59,32,401,384,0,NM ,NM ,https://discogs.com/release/12720267-The-Durutti-Column-The-Return-Of-The-Durutti-Column?ev=item-vc,Aug,Factory Benelux ‎,FBN 114
423,New Musik,From A To B,LP,12,9.90,3.86,167,1630,151,0,NM ,VG+,https://discogs.com/release/64738-New-Musik-From-A-To-B?ev=item-vc,1980,GTO ‎,GTLP 041
426,Pere Ubu,The Tenement Year,LP,11,15.90,4.02,58,460,80,0,NM ,NM ,https://discogs.com/release/410762-Pere-Ubu-The-Tenement-Year?ev=item-vc,1988,Fontana ‎,"834 537-1, Fontana ‎– SFLP 5"
429,Me & The Heat,Me & The Heat,"12""",3,38.90,4.25,20,132,33,0,NM ,NM ,https://discogs.com/release/659235-Me-The-Heat-Me-The-Heat?ev=item-vc,1983,Aufruhr Records ‎,670 004
432,The Passage,For All And None,LP,12,15.90,3.96,55,559,151,0,NM ,VG+,https://discogs.com/release/639801-The-Passage-For-All-And-None?ev=item-vc,Jul,Night & Day (2) ‎,pmam 23:00
435,Moloko +,Moloko +,LP,9,50.00,4.60,30,61,123,0,VG+,,https://discogs.com/release/1423978-Moloko-Moloko-?ev=item-vc,1986,Not On Label (Moloko + Self-released) ‎,none
437,David Bowie,"""Heroes"" / Takeoff - Heroes",LP,10,28.00,4.33,212,2371,764,0,NM ,NM ,https://discogs.com/release/314307-David-Bowie-Heroes-Takeoff-Heroes?ev=item-vc,1984,RCA International ‎,NL 83857
438,The Flying Pickets,Only You,"12""",4,1.00,4.11,28,369,39,0,VG,,https://discogs.com/release/428570-The-Flying-Pickets-Only-You?ev=item-vc,1983,10 Records ‎,TEN 14-12
443,Various,Müllers Büro (Original Film-Musik),LP,14,13.00,3.62,21,225,11,0,VG+,VG+,https://discogs.com/release/1311565-Various-M%C3%BCllers-B%C3%BCro-Original-Film-Musik?ev=item-vc,1986,Lemon Records (Zitronenklang) ‎,"228003, Lemon Records (Zitronenklang) ‎– 228 003"
444,ZeitGeist (4),ZeitGeist,LP,11,10.00,3.80,5,95,29,0,NM ,VG+,https://discogs.com/release/9220704-ZeitGeist-ZeitGeist?ev=item-vc,1981,Biber Records ‎,Bi 6100
447,Fictions,Fictions,LP,11,11.00,3.50,8,79,18,0,NM ,VG,https://discogs.com/release/3101069-Fictions-Fictions?ev=item-vc,1980,Intercan Records ‎,"IC 1012, Hypnotic Records ‎– IC1012"
449,Various,Frauenpower Powerfrauen,LP,66,19.00,5.00,1,38,13,0,NM ,VG+,https://discogs.com/release/10853605-Various-Frauenpower-Powerfrauen?ev=item-vc,1985,Brigitte Edition ‎,"296 225-250, Ariola ‎– 296 225-250, Brigitte Edition ‎– 296 225, Ariola ‎– 296 225"
450,Various,Tuff Turf - The Original Soundtrack,LP,10,23.00,3.93,29,395,126,0,NM ,VG+,https://discogs.com/release/2203753-Various-Tuff-Turf-The-Original-Soundtrack?ev=item-vc,1985,Rhino Records (2) ‎,RNSP 308
452,Days*,Days On The Road,LP,11,24.00,4.00,1,8,10,0,NM ,VG+,https://discogs.com/release/8411417-Days-Days-On-The-Road?ev=item-vc,1979,Gammarock Records ‎,GRR 002-79
456,Various,The Royal Boudoir Scandal And Other Modern-Day Folk Songs,LP,12,8.90,4.00,3,30,27,0,NM ,VG+,https://discogs.com/release/2340988-Various-The-Royal-Boudoir-Scandal-And-Other-Modern-Day-Folk-Songs?ev=item-vc,1982,On-Line Records ‎,"001, On-Line Records ‎– ONLINE 1"
459,Various,Power Play,LP,15,10.90,3.70,40,1277,38,0,NM ,NM ,https://discogs.com/release/457199-Various-Power-Play?ev=item-vc,1980,K-Tel ‎,TU 2630
462,Various,Es Geht Voran! Die Neue Deutsche Tanzmusik,LP,20,12.90,4.26,35,447,62,0,NM ,NM ,https://discogs.com/release/2532100-Various-Es-Geht-Voran-Die-Neue-Deutsche-Tanzmusik?ev=item-vc,1982,Sonocord ‎,"28 477-8, Deutscher Schallplattenclub ‎– 28 477-8"
463,Various,Disco Disco Disco,LP,12,10.90,3.20,5,56,5,0,NM ,NM ,https://discogs.com/release/2946716-Various-Disco-Disco-Disco?ev=item-vc,1979,Metronome ‎,0060.244
465,UKW (2),UltraKurzWelle,LP,11,8.90,3.69,45,600,18,0,NM ,NM ,https://discogs.com/release/448215-UKW-UltraKurzWelle?ev=item-vc,1982,Telefunken ‎,"6.25092, Telefunken ‎– 6.25092 AP"
466,Inga Rumpf /,Lieben. Leiden. Leben.,LP,10,8.90,3.68,25,250,56,0,NM ,NM ,https://discogs.com/release/2336737-Inga-Rumpf-Der-Bund-Lieben-Leiden-Leben?ev=item-vc,1984,Pläne ‎,88349
467,Ina Deter,Das Live-Album,LP,16,11.90,3.80,41,469,8,0,NM ,NM ,https://discogs.com/release/2141388-Ina-Deter-Das-Live-Album?ev=item-vc,1987,Phonogram ‎,830 863-1
471,Ian Dury And The Blockheads,Laughter,LP,12,9.90,3.53,40,402,26,0,NM ,NM ,https://discogs.com/release/1928519-Ian-Dury-And-The-Blockheads-Laughter?ev=item-vc,Jan,Stiff-Epic ‎,JE 36998
476,Gutterboy,Gutterboy,LP,11,19.90,4.00,4,44,10,0,M,NM ,https://discogs.com/release/4237704-Gutterboy-Gutterboy?ev=item-vc,1990,DGC ‎,7599-24282-1
480,Hopelessly Obscure,The Hopelessly Obscure E.P.,"12""",5,29.90,4.78,9,82,43,0,M,M,https://discogs.com/release/1068680-Hopelessly-Obscure-The-Hopelessly-Obscure-EP?ev=item-vc,1984,Majestic Records (6) ‎,MARS-EP1245.013
483,Liaisons Dangereuses,Los Niños Del Parque,"12""",3,34.90,4.60,651,3841,3969,0,VG+,VG+,https://discogs.com/release/39614-Liaisons-Dangereuses-Los-Ni%C3%B1os-Del-Parque?ev=item-vc,1982,Roadrunner Records ‎,"RR 125537, Roadrunner Records ‎– RR-125537"
487,Workforce (3),Is It Safe?,"12""",5,39.90,4.50,2,38,61,0,M,M,https://discogs.com/release/437008-Workforce-Is-It-Safe?ev=item-vc,1988,Not On Label (Workforce Self-released) ‎,none
488,Helios Creed,X-Rated Fairy Tales,LP,10,34.90,3.83,12,144,89,0,M,NM ,https://discogs.com/release/701168-Helios-Creed-X-Rated-Fairy-Tales?ev=item-vc,1986,What's So Funny About.. ‎,"SF 29, What's So Funny About.. ‎– WSFA SF 29, Subterranean Records ‎– SUB 49"
490,Rheingold,R.,LP,7,17.90,4.07,211,2360,275,0,NM ,NM ,https://discogs.com/release/316100-Rheingold-R?ev=item-vc,Mar,Welt-Rekord ‎,"1C 064-46 480, EMI Electrola ‎– 1C 064-46 480"
504,The Only Ones,Lovers Of Today,"7""",2,21.00,4.39,57,824,231,0,VG+,VG+,https://discogs.com/release/1354717-The-Only-Ones-Lovers-Of-Today?ev=item-vc,1977,Vengeance Records (2) ‎,VEN 001
532,Kim Wilde,Select,LP,10,10.90,3.65,112,1489,86,0,VG+,NM ,https://discogs.com/release/1639007-Kim-Wilde-Select?ev=item-vc,1982,RAK ‎,1C 064-64787
538,Various,Times Square,LP,20,17.90,3.29,7,86,38,0,NM ,VG+,https://discogs.com/release/3843164-Various-Times-Square?ev=item-vc,1980,RSO ‎,2658 145
541,Elton Motello,Pop Art,LP,12,19.90,4.04,23,450,62,0,NM ,NM ,https://discogs.com/release/858944-Elton-Motello-Pop-Art?ev=item-vc,1980,Passport Records ‎,PB 9846
542,Various,Riding High - The Original Film Soundtrack,LP,20,11.90,4.29,7,114,17,0,NM ,NM ,https://discogs.com/release/628147-Various-Riding-High-The-Original-Film-Soundtrack?ev=item-vc,1981,Jambo Records ‎,"JAM 2, Arrival Records ‎– AN 8031"
553,Various,Swiss Wave The Album,LP,12,10.90,3.96,57,813,153,0,NM ,VG+,https://discogs.com/release/724321-Various-Swiss-Wave-The-Album?ev=item-vc,1980,Babylon (2) ‎,"B/80026, Babylon (2) ‎– B 80 026"
560,Nervus Rex,Nervus Rex,Album,10,14.90,3.17,6,70,19,0,NM ,NM ,https://discogs.com/release/3951683-Nervus-Rex-Nervus-Rex?ev=item-vc,1980,"Dreamland Records, Inc. ‎",DL-1-5002
569,Doll By Doll,Doll By Doll,LP,12,10.90,3.29,17,230,16,0,NM ,VG+,https://discogs.com/release/2898682-Doll-By-Doll-Doll-By-Doll?ev=item-vc,1981,Magnet (2) ‎,"6.24 731, Magnet (2) ‎– 6.24731 AP"
570,Blaine L. Reininger,Live In Brussels 02/1986,LP,6,9.90,3.58,31,408,41,0,NM ,VG+,https://discogs.com/release/554726-Blaine-L-Reininger-Live-In-Brussels-021986?ev=item-vc,May,Les Disques Du Crépuscule ‎,TWI 637
575,Trisomie 21,T21 Plays The Pictures,LP,13,39.90,4.35,49,338,133,0,NM ,NM ,https://discogs.com/release/441811-Trisomie-21-T21-Plays-The-Pictures?ev=item-vc,1990,Play It Again Sam Records ‎,BIAS 152
576,Yazoo /,Europe In The Year Zero,"12""",5,39.90,4.13,63,599,625,0,NM ,NM ,https://discogs.com/release/250203-Yazoo-Sudeten-Creche-Colour-Me-Pop-Europe-In-The-Year-Zero?ev=item-vc,Aug,S/Phonograph ‎,SPH1
578,Rough Trade,Avoid Freud,LP,10,10.90,3.41,135,1879,46,0,NM ,NM ,https://discogs.com/release/1746378-Rough-Trade-Avoid-Freud?ev=item-vc,Oct,True North ‎,"TN 43, Columbia ‎– TN 43, True North ‎– TN-43, Columbia ‎– TN-43"
581,Palais Schaumburg,Lupa,LP,11,19.90,3.75,75,622,226,0,NM ,NM ,https://discogs.com/release/128159-Palais-Schaumburg-Lupa?ev=item-vc,1982,Palais Schaumburg ‎,6435 182
582,Aztec Camera,Love,LP,9,17.90,3.80,5,38,29,0,NM ,NM ,https://discogs.com/release/936175-Aztec-Camera-Love?ev=item-vc,1988,Jugoton ‎,"LSWEA 73268, WEA ‎– LSWEA 73268"
585,The Police,Ghost In The Machine,LP,11,22.90,4.21,58,563,179,0,NM ,NM ,https://discogs.com/release/1482923-The-Police-Ghost-In-The-Machine?ev=item-vc,1983,Supraphon ‎,"1113 3268, A&M Records ‎– 1113 3268"
598,Rapid Eye Movement,Prove Your Movement,LP,10,8.90,3.00,1,20,5,0,NM ,NM ,https://discogs.com/release/2972644-Rapid-Eye-Movement-Prove-Your-Movement?ev=item-vc,1988,Koolie Music ‎,57288032
600,Echo And The Bunnymen*,Heaven Up Here,LP,11,38.90,4.19,27,363,196,0,NM ,NM ,https://discogs.com/release/5162766-Echo-And-The-Bunnymen-Heaven-Up-Here?ev=item-vc,1981,Korova ‎,"KODE 3, Korova ‎– KOW 58 320"
606,Various,Rough Trade - 2 Compilation,LP,14,8.90,4.00,3,48,28,0,NM ,NM ,https://discogs.com/release/3701970-Various-Rough-Trade-2-Compilation?ev=item-vc,1983,Nuevos Medios ‎,43 028
613,Pere Ubu,The Art Of Walking,LP,11,34.90,4.00,7,75,66,0,NM ,NM ,https://discogs.com/release/3023009-Pere-Ubu-The-Art-Of-Walking?ev=item-vc,1980,Base Record ‎,"Rough 14, Go International ‎– GI LP 14"
623,Limahl,Colour All My Days = Da Color A Mis Días,"7""",2,1.90,3.00,2,32,7,0,NM ,NM ,https://discogs.com/release/1621726-Limahl-Colour-All-My-Days-Da-Color-A-Mis-D%C3%ADas?ev=item-vc,1986,"EMI-Odeon, S.A. ‎",006 20 1323 7
633,Signal Aout 42,Pleasure And Crime / Lovely Trees,"12""",2,15.90,4.52,67,350,370,0,VG+,VG,https://discogs.com/release/232138-Signal-Aout-42-Pleasure-And-Crime-Lovely-Trees?ev=item-vc,1986,Disco Smash Production ‎,1015
636,Schwefel,Schizophrenic Party,"12""",5,16.90,4.00,8,63,45,0,NM ,VG+,https://discogs.com/release/3659874-Schwefel-Schizophrenic-Party?ev=item-vc,1986,Schuldige Scheitel ‎,SCH/SCH ' 501
637,Schwefel,Metropolis,"12""",3,34.90,4.30,40,218,126,0,VG+,VG+,https://discogs.com/release/265489-Schwefel-Metropolis?ev=item-vc,1987,Amigo (2) ‎,"AMIGO 502, Amigo (2) ‎– 502"
639,The Drowning Dolphins,Tears Never Shed,LP,6,18.90,3.50,2,15,14,0,NM ,NM ,https://discogs.com/release/4256972-The-Drowning-Dolphins-Tears-Never-Shed?ev=item-vc,1992,Dolphin Records (13) ‎,02
640,The Drivers (3),Short Cuts,LP,12,14.90,N/A,N/A,14,19,0,NM ,NM ,https://discogs.com/release/6316917-The-Drivers-Short-Cuts?ev=item-vc,1983,Greyhound Rock Productions ‎,GRK 3301
645,Achim Reichel,Regenballade,LP,8,9.90,3.88,50,510,45,0,NM ,NM ,https://discogs.com/release/1608378-Achim-Reichel-Regenballade?ev=item-vc,1978,Nova (6) ‎,"6.23431 AP, Nova (6) ‎– 6.23431"
646,She Past Away,Narin Yalnızlık,LP,11,21.90,4.82,11,214,65,0,M,M,https://discogs.com/release/16010088-She-Past-Away-Narin-Yaln%C4%B1zl%C4%B1k?ev=item-vc,Sep,Fabrika Records ‎,FP017-2
647,The Beat (2),What Is Beat?,LP,14,12.90,3.89,45,776,43,0,NM ,NM ,https://discogs.com/release/1767814-The-Beat-What-Is-Beat?ev=item-vc,1983,Go-Feet Records ‎,BEAT 6
650,FEE,Rezeptfrei,LP,11,10.90,3.82,17,266,23,0,VG+,NM ,https://discogs.com/release/3609401-FEE-Rezeptfrei?ev=item-vc,1982,Risiko ‎,"296 100, Risiko ‎– 296 100-315"
658,Heart Of Snow,Endure Or More,"12""",4,16.90,3.20,5,100,14,0,NM ,NM ,https://discogs.com/release/2716507-Heart-Of-Snow-Endure-Or-More?ev=item-vc,2001,Gold Standard Laboratories ‎,GSL42
669,Chrome (8),Into The Eyes Of The Zombie King,LP,8,18.90,4.27,59,469,311,0,VG+,VG+,https://discogs.com/release/816977-Chrome-Into-The-Eyes-Of-The-Zombie-King?ev=item-vc,1984,Mosquito (2) ‎,MOS 003
670,Christopher Laird,Back In A Minute...,LP,14,18.90,3.50,6,30,12,0,M,NM ,https://discogs.com/release/1857163-Christopher-Laird-Back-In-A-Minute?ev=item-vc,1981,X Records (7) ‎,6.24953
672,Maanam,Mental Cut,LP,10,24.90,3.95,194,2040,139,0,NM ,NM ,https://discogs.com/release/840246-Maanam-Mental-Cut?ev=item-vc,Feb,Polskie Nagrania Muza ‎,SX 2221
674,Mr Amir,Dawning,LP,11,75.00,4.84,19,66,298,0,NM ,VG+,https://discogs.com/release/8489391-Mr-Amir-Dawning?ev=item-vc,1984,Out Of Tune Records ‎,DT 273-11
675,June (25),Horizons,"12""",6,20.66,5.00,13,105,87,0,M,NM ,https://discogs.com/release/17442568-June-Horizons?ev=item-vc,2021,Artificial Dance ‎,"AD012, Artificial Dance ‎– AD 012"
676,Various,The Brutality Of Rhythm - Part.1,LP,16,48.87,5.00,3,26,7,1,M,M,https://discogs.com/release/26086891-Various-The-Brutality-Of-Rhythm-Part1?ev=item-vc,2023,Mecanica ‎,MEC075
678,L.F.T.,Salz,LP,9,29.91,4.93,30,186,139,1,M,M,https://discogs.com/release/20964055-LFT-Salz?ev=item-vc,2021,Mannequin ‎,MNQ 149
679,MONONEGATIVES,New Exit In Shards,"7""",3,23.84,5.00,3,24,5,1,M,M,https://discogs.com/release/24105671-MONONEGATIVES-New-Exit-In-Shards?ev=item-vc,2022,Dowd Records ‎,DWD100
680,Earthling (3),Dance,LP,8,38.86,4.67,12,57,58,1,M,M,https://discogs.com/release/25443421-Earthling-Dance?ev=item-vc,2022,Glossy Mistakes ‎,GLOSSY 012
681,Saboten,Saboten,LP,9,38.81,5.00,3,50,32,0,M,M,https://discogs.com/release/25768633-Saboten-Saboten?ev=item-vc,2023,Sub Discos (2) ‎,"BUS011, Floor ‎– none"
682,Nikki And The Corvettes*,Nikki And The Corvettes,LP,12,38.82,4.17,24,400,126,0,M,M,https://discogs.com/release/3071940-Nikki-And-The-Corvettes-Nikki-And-The-Corvettes?ev=item-vc,1999,BOMP! ‎,BLP-4012
683,System Exclusive (6),System Exclusive,LP,11,32.76,4.75,4,44,4,0,M,M,https://discogs.com/release/22481657-System-Exclusive-System-Exclusive?ev=item-vc,2022,Castle Face ‎,CF-140
684,Aroma Di Amore,Harde Feiten,LP,10,30.86,5.00,2,21,16,0,M,M,https://discogs.com/release/25579588-Aroma-Di-Amore-Harde-Feiten?ev=item-vc,2022,OnderStroom Records ‎,OS052
688,Marcel Dettmann,Selectors 003,"12""",11,31.84,4.54,37,322,284,0,M,M,https://discogs.com/release/10475491-Marcel-Dettmann-Selectors-003?ev=item-vc,2017,Dekmantel ‎,DKMNTL-SLCTRS003
699,Spoons,Talkback,LP,10,33.90,3.78,76,1019,62,0,NM ,NM ,https://discogs.com/release/630709-Spoons-Talkback?ev=item-vc,1983,Ready Records ‎,LR 039
700,Astaron,Astaron,LP,11,33.76,4.46,13,230,71,0,M,M,https://discogs.com/release/16104731-Astaron-Astaron?ev=item-vc,2020,Sealed Records ‎,SEAL-009
702,Keith Forsey,Dynamite,LP,10,11.90,3.00,4,46,41,0,NM ,NM ,https://discogs.com/release/2559782-Keith-Forsey-Dynamite?ev=item-vc,Feb,Oasis ‎,"203 247-320, Oasis ‎– 203 247"
703,Smarts (3),"Who Needs Smarts, Anyway?",LP,13,38.92,3.50,2,60,10,1,M,M,https://discogs.com/release/16197728-Smarts-Who-Needs-Smarts-Anyway?ev=item-vc,2020,ANTI FADE records ‎,ANT-073
706,The Citizens,The Citizens,LP,10,13.90,3.30,10,61,29,0,NM ,NM ,https://discogs.com/release/991339-The-Citizens-The-Citizens?ev=item-vc,1982,Global Records And Tapes ‎,205 158-320
709,SIB*,The Third World War,LP,12,33.91,4.50,2,33,21,0,M,M,https://discogs.com/release/24620963-SIB-The-Third-World-War?ev=item-vc,2022,Radiation Reissues ‎,RRS126
714,Videosex,Videosex,LP,9,27.81,4.83,18,102,165,0,M,M,https://discogs.com/release/14338792-Videosex-Videosex?ev=item-vc,2019,Rush Hour (4) ‎,RH RSS 26
715,The Piranhas,The Piranhas,LP,12,23.87,3.00,1,18,9,0,M,M,https://discogs.com/release/23945030-The-Piranhas-The-Piranhas?ev=item-vc,2022,Mad Butcher Classics ‎,MBC 172
716,Various,Revenge Of The She-Punks - A Feminist Music History,LP,28,44.92,4.00,4,158,48,0,M,M,https://discogs.com/release/24533012-Various-Revenge-Of-The-She-Punks-A-Feminist-Music-History?ev=item-vc,Sep,Tapete Records ‎,TR526
717,And Also The Trees,The Bone Carver,LP,10,50.76,4.40,30,270,44,0,M,M,https://discogs.com/release/24387368-And-Also-The-Trees-The-Bone-Carver?ev=item-vc,2022,AATT ‎,AATTLP12
718,Hans-A-Plast,Live At Rockpalast 1980 (Dedicated To Jens Meyer),LP,16,41.82,N/A,N/A,10,8,0,M,M,https://discogs.com/release/23893997-Hans-A-Plast-Live-At-Rockpalast-1980-Dedicated-To-Jens-Meyer?ev=item-vc,2022,Blitzkrieg Pop! Records ‎,30HANHAN01
719,Empire (7),Easy Life/Enough Of The Same,"7""",2,17.92,N/A,N/A,21,13,0,M,M,https://discogs.com/release/24379073-Empire-Easy-LifeEnough-Of-The-Same?ev=item-vc,2022,Munster Records ‎,MR 7352
720,N8NOFACE,Homicide,"12""",17,45.94,4.50,6,82,13,0,M,M,https://discogs.com/release/22858484-N8NOFACE-Homicide?ev=item-vc,2022,Blackhouse Records ‎,BH999152
721,Agentss,Agentss,"12""",4,27.89,5.00,3,29,20,0,M,M,https://discogs.com/release/24078884-Agentss-Agentss?ev=item-vc,2022,Beat Generation ‎,"BEAT0088, Nada Nada Discos ‎– NADA056B, /71 ‎– /0710008"
723,Sylvain Chauveau &,Down To The Bone,LP,11,21.91,4.79,14,125,33,0,M,M,https://discogs.com/release/7402430-Sylvain-Chauveau-Ensemble-Nocturne-Down-To-The-Bone?ev=item-vc,2015,Ici D'Ailleurs ‎,IDA106LP
724,Stacks (3),Love and Language,LP,8,31.90,4.40,5,58,36,0,M,M,https://discogs.com/release/22967783-Stacks-Love-and-Language?ev=item-vc,May,Knekelhuis ‎,KH041
730,Various,Fan Club: Tribute To The Damned. A Basque Country Compilation,LP,15,21.97,4.50,2,22,10,0,M,M,https://discogs.com/release/22308172-Various-Fan-Club-Tribute-To-The-Damned-A-Basque-Country-Compilation?ev=item-vc,2022,Guns Of Brixton Records ‎,GBR057LP
732,Thompson Twins,"In The Name Of Love (12"" Inch Dance Extension)","12""",3,2.50,4.43,51,690,106,0,VG+,VG,https://discogs.com/release/155415-Thompson-Twins-In-The-Name-Of-Love-12-Inch-Dance-Extension?ev=item-vc,1982,T Records (2) ‎,TEE 124
734,Yasuaki Shimizu,Kiren,LP,7,39.88,4.70,46,593,207,0,M,M,https://discogs.com/release/22341487-Yasuaki-Shimizu-Kiren?ev=item-vc,2022,Palto Flats ‎,PF011
735,Kiss The Anus Of A Black Cat,To Live Vicariously,LP,9,26.77,4.50,10,146,74,0,M,M,https://discogs.com/release/7621260-Kiss-The-Anus-Of-A-Black-Cat-To-Live-Vicariously?ev=item-vc,2015,9000 Records ‎,9000-0004
736,Pigeon (14),Yagana,"12""",4,27.78,4.64,22,343,103,0,M,M,https://discogs.com/release/22553363-Pigeon-Yagana?ev=item-vc,2022,Soundway ‎,SNDW12044
737,The Wolfgang Press,Sweatbox,"12""",4,12.50,4.16,43,527,143,0,NM ,VG+,https://discogs.com/release/182704-The-Wolfgang-Press-Sweatbox?ev=item-vc,1985,4AD ‎,BAD 506
744,Skeletal Family,Futile Combat,LP,10,30.87,4.09,22,158,144,1,M,M,https://discogs.com/release/11332110-Skeletal-Family-Futile-Combat?ev=item-vc,2017,Restless Empire ‎,CULT02
749,Eugenio Finardi,Eugenio Finardi,LP,9,10.00,3.69,13,194,4,0,VG+,VG+,https://discogs.com/release/2529421-Eugenio-Finardi-Eugenio-Finardi?ev=item-vc,1982,Armando Curcio Editore ‎,SU 1009
752,Dangerous Girls,Present: Recordings 1978-1982,LP,15,28.76,4.60,5,45,27,0,M,M,https://discogs.com/release/20351542-Dangerous-Girls-Present-Recordings-1978-1982?ev=item-vc,2021,Rave Up Records ‎,EPS 19
753,Salvage Art,»non«,LP,8,28.81,4.80,5,20,3,0,M,M,https://discogs.com/release/20474395-Salvage-Art-non?ev=item-vc,2021,Sitzer Records ‎,SR-2.0.21
759,The Establishment (11),II,LP,9,28.79,N/A,N/A,10,8,0,M,M,https://discogs.com/release/19423630-The-Establishment-II?ev=item-vc,2021,Shield Recordings ‎,"SLD117, Underachievers Records ‎– 2021"
763,Dean Ray,In La La (Dance Version),"12""",4,1.50,4.38,8,70,24,0,VG+,VG,https://discogs.com/release/2488051-Dean-Ray-In-La-La-Dance-Version?ev=item-vc,1984,San Andreas Records ‎,L33-1178
773,Boy's Don't Cry*,I Wanna Be A Cowboy,"12""",2,2.50,4.00,13,114,35,0,VG+,VG+,https://discogs.com/release/633356-Boys-Dont-Cry-I-Wanna-Be-A-Cowboy?ev=item-vc,1985,Legacy Records ‎,LGYT 28
778,Maximum Joy,Stretch,"12""",2,28.80,4.50,6,169,97,0,M,M,https://discogs.com/release/20264734-Maximum-Joy-Stretch?ev=item-vc,2021,1972 ‎,197209
788,Steel Tips,Steel Tips,"12""",5,8.90,4.07,15,94,80,0,NM ,VG+,https://discogs.com/release/1312618-Steel-Tips-Steel-Tips?ev=item-vc,1981,Phantom Plaything ‎,"PLAY 3, Red Music ‎– EP 002"
789,Shock Headed Peters,"I, Bloodbrother Be (£4,000 Love Letter)","12""",4,13.90,4.18,39,204,142,0,NM ,VG+,https://discogs.com/release/466263-Shock-Headed-Peters-I-Bloodbrother-Be-4000-Love-Letter?ev=item-vc,Sep,Él (Benelux) ‎,"ELT 1, Él (Benelux) ‎– EL ONE T, Él (Benelux) ‎– él one t"
790,Slanted View,White Paper,"12""",3,7.90,4.00,3,43,30,0,NM ,VG+,https://discogs.com/release/1974627-Slanted-View-White-Paper?ev=item-vc,1985,Tite Records ‎,Tite 1
791,S.Y.P.H.,I Want U,"12""",2,16.90,3.80,10,61,41,0,NM ,VG+,https://discogs.com/release/809070-SYPH-I-Want-U?ev=item-vc,1985,Das Büro ‎,DESK 22
794,P.I.T.T. &,Drakron,LP,5,34.90,4.33,24,100,266,0,NM ,NM ,https://discogs.com/release/837491-PITT-The-Dreamers-Drakron?ev=item-vc,1989,Radium 226.05 ‎,RA 051
798,President Reagan Is Clever,From This To That,"12""",5,18.90,4.00,14,56,47,0,NM ,VG+,https://discogs.com/release/977683-President-Reagan-Is-Clever-From-This-To-That?ev=item-vc,1986,Hyena Records (2) ‎,HAHA 001
800,Neon (10),Red Light,"12""",2,14.90,4.00,37,191,129,0,VG+,VG+,https://discogs.com/release/343933-Neon-Red-Light?ev=item-vc,1986,Spittle Depandance ‎,SD 610 N
801,Frittenbude,Nachtigall,LP,13,30.80,4.33,3,68,11,0,M,M,https://discogs.com/release/19580905-Frittenbude-Nachtigall?ev=item-vc,2021,Audiolith ‎,AL045LP
802,Minimal Compact,Raging Souls,LP,9,15.90,4.55,20,182,70,0,VG+,NM ,https://discogs.com/release/603372-Minimal-Compact-Raging-Souls?ev=item-vc,1985,Crammed Discs ‎,"NORMAL 17, Crammed Discs ‎– Normal 17 LP, Normal ‎– NORMAL 17, Normal ‎– Normal 17 LP"
803,Leslie Winer,When I Hit You - You'll Feel It,LP,16,63.92,4.47,15,121,54,0,M,M,https://discogs.com/release/20074636-Leslie-Winer-When-I-Hit-You-Youll-Feel-It?ev=item-vc,2021,Light In The Attic ‎,"LITA 181-1-3, Light In The Attic ‎– LITA 181"
804,Aparato Raro,Aparato Raro,LP,10,46.80,4.79,14,168,17,1,M,M,https://discogs.com/release/19131781-Aparato-Raro-Aparato-Raro?ev=item-vc,2021,M&E ‎,"102, Fusión ‎– 102"
808,The Gags (2) /,Sex Ist Schau/Er Will Mehr,"7""",2,100.00,5.00,3,18,81,0,VG+,VG+,https://discogs.com/release/3090721-The-Gags-2-Zentrales-Gl%C3%BCck-Sex-Ist-SchauEr-Will-Mehr?ev=item-vc,1981,Leg Auf ‎,LA 1/81
809,Marquee Moon,Here Today And Gone Tomorrow,"7""",2,10.00,4.50,2,16,19,0,VG+,VG+,https://discogs.com/release/1678603-Marquee-Moon-Here-Today-And-Gone-Tomorrow?ev=item-vc,1986,Diadem ‎,ZYKLUS 08
810,Stephen Derek,Hey You,"7""",2,10.00,N/A,N/A,6,14,0,VG+,VG+,https://discogs.com/release/11068826-Stephen-Derek-Hey-You-?ev=item-vc,1985,4U (2) ‎,4U-0385
812,Les Hatepinks*,Sauerkrank / Opupo 4,"12""",12,24.75,5.00,2,15,5,0,M,M,https://discogs.com/release/17297896-Les-Hatepinks-Sauerkrank-Opupo-4?ev=item-vc,Jan,Wanda Records ‎,none
814,Fox Devils Wild,Heatwave / Foxomet,"7""",3,12.97,5.00,2,13,3,0,M,M,https://discogs.com/release/16033381-Fox-Devils-Wild-Heatwave-Foxomet?ev=item-vc,2020,Angry Voice ‎,AVR-71
815,Ostseetraum,Ostseetraum,LP,9,26.91,4.00,4,54,20,0,M,M,https://discogs.com/release/17455906-Ostseetraum-Ostseetraum?ev=item-vc,2021,Adagio830 ‎,A830#176
816,The Establishment (11),Vicious Rumours,LP,11,20.74,4.75,4,59,8,0,M,M,https://discogs.com/release/11745817-The-Establishment-Vicious-Rumours?ev=item-vc,2018,Aggrobeat ‎,"ABLP045, Spastic Fantastic Records ‎– none, Darcy Trash Records ‎– DTR016, Underachievers Records ‎– none"
817,Elegant (4),Arschloch,"7""",2,50.00,4.54,13,27,93,1,VG+,VG+,https://discogs.com/release/1645186-Elegant-Arschloch?ev=item-vc,1981,InArt ‎,08/15
818,Auspuff...,Nur Du,"7""",2,30.00,4.00,1,9,11,0,VG+,VG,https://discogs.com/release/5318656-Auspuff-Nur-Du?ev=item-vc,Jun,Music Pool Austria ‎,MPA 134
819,This Perfect Day (2),"No Frills, Just Noise",LP,11,25.85,4.00,8,80,46,1,M,M,https://discogs.com/release/5496981-This-Perfect-Day-No-Frills-Just-Noise?ev=item-vc,2014,Synthetic Shadows ‎,"SS015, Killed By Disco Records ‎– KBDCO 003"
820,Micha & Die Träumer,Micha & Die Träumer,"7""",3,40.00,4.13,8,19,30,0,NM ,NM ,https://discogs.com/release/2183465-Micha-Die-Tr%C3%A4umer-Micha-Die-Tr%C3%A4umer?ev=item-vc,1982,Berlin-Sentimental-Schallplatten ‎,B.S.S. 45001
821,Various,Oz Echoes: DIY Cassettes And Archives 1980​-​1989,LP,10,40.75,4.61,28,307,202,0,M,M,https://discogs.com/release/18068797-Various-Oz-Echoes-DIY-Cassettes-And-Archives-1980-1989?ev=item-vc,2021,Efficient Space ‎,ES018
823,Variété Kontrast,Variété Kontrast,LP,12,100.00,4.25,20,74,219,0,NM ,VG+,https://discogs.com/release/958575-Vari%C3%A9t%C3%A9-Kontrast-Vari%C3%A9t%C3%A9-Kontrast?ev=item-vc,1984,Good Noise ‎,VGNS 2020
825,Joachim Schönig,Hallo Pilot,"7""",2,15.00,4.50,10,50,67,0,VG+,VG+,https://discogs.com/release/1670204-Joachim-Sch%C3%B6nig-Hallo-Pilot?ev=item-vc,1982,Jupiter Records ‎,6.13637
827,Niagara (7),Dr. Horror,"7""",2,120.00,4.23,13,21,342,0,NM ,VG+,https://discogs.com/release/3919924-Niagara-Dr-Horror?ev=item-vc,1984,SFM ‎,SFM 0001-84
828,Andy Giorbino,Kredit,"7""",4,22.00,4.20,10,112,140,0,VG+,VG,https://discogs.com/release/421483-Andy-Giorbino-Kredit?ev=item-vc,Sep,Zickzack Platten ‎,ZZ 14
830,Rats On Rafts,The Moon Is Big,LP,9,26.97,4.40,15,186,24,0,M,M,https://discogs.com/release/6680068-Rats-On-Rafts-The-Moon-Is-Big?ev=item-vc,2012,TopNotch ‎,TN1202LP
831,Freak Genes (2),Power Station,LP,12,31.80,4.00,2,42,11,0,M,M,https://discogs.com/release/17634586-Freak-Genes-Power-Station?ev=item-vc,2021,Feel It Records ‎,Feel IT 50
832,O Veux,More Games,"12""",16,26.87,5.00,3,19,11,0,M,M,https://discogs.com/release/18824692-O-Veux-More-Games?ev=item-vc,2021,DIY (7) ‎,2
835,Westend 2,Vergessen / Die Sonne Bleibt Steh'n,"12""",2,100.00,4.73,11,25,129,0,NM ,VG+,https://discogs.com/release/1676330-Westend-2-Vergessen-Die-Sonne-Bleibt-Stehn?ev=item-vc,,Cues Recording ‎,83001
836,Ann Steel,My Time,"7""",2,15.00,4.88,8,28,122,0,VG+,VG,https://discogs.com/release/2327206-Ann-Steel-My-Time?ev=item-vc,1980,Strand ‎,"6.12 680, Strand ‎– 6.12680"
837,The Damned,Thanks For The Night,"7""",2,24.81,4.83,6,79,33,1,M,M,https://discogs.com/release/17045511-The-Damned-Thanks-For-The-Night?ev=item-vc,Feb,Cleopatra ‎,CLO2225
838,Henry Badowski,Making Love With My Wife / Baby Sign Here With Me,"7""",2,30.00,4.73,15,160,119,0,VG+,VG,https://discogs.com/release/883535-Henry-Badowski-Making-Love-With-My-Wife-Baby-Sign-Here-With-Me?ev=item-vc,1979,Deptford Fun City Records ‎,DFC 11
839,Clive Robertson /,O Kanada (The State),"7""",2,80.00,4.50,2,3,35,0,VG+,VG,https://discogs.com/release/8958483-Clive-Robertson-Janet-Martin-O-Kanada-The-State?ev=item-vc,1982,Voicespondence ‎,VSP 008
840,The Church,The Unguarded Moment,"7""",2,18.00,4.50,6,51,46,0,NM ,NM ,https://discogs.com/release/2361398-The-Church-The-Unguarded-Moment?ev=item-vc,1982,Carrere ‎,"2044 217, Carrere ‎– CAR 2081"
841,Jennie Vee,Out For Blood,"7""",2,22.84,4.80,5,42,5,1,M,M,https://discogs.com/release/16786890-Jennie-Vee-Out-For-Blood?ev=item-vc,2020,Last Hurrah Records ‎,"Hurrah-7inch-015, Last Hurrah Records ‎– Hurrah-015"
843,Sound Constellation,One,LP,9,220.00,4.78,9,15,153,0,NM ,VG+,https://discogs.com/release/10438867-Sound-Constellation-One?ev=item-vc,1987,Arcu ‎,8755
844,Tse-Tse,Land In Sicht,LP,8,60.00,3.56,9,26,105,0,NM ,VG+,https://discogs.com/release/2897699-Tse-Tse-Land-In-Sicht?ev=item-vc,1983,Neuland Tonträger ‎,neu 12-4403
845,Various,Street To Street - A Liverpool Album,LP,12,26.00,4.16,31,277,210,0,NM ,VG+,https://discogs.com/release/869491-Various-Street-To-Street-A-Liverpool-Album?ev=item-vc,1979,Open Eye Records ‎,OE LP 501
849,The Vogue (2),A Doll Spits Cubes,LP,14,40.00,4.63,8,44,91,1,NM ,VG+,https://discogs.com/release/1102205-The-Vogue-A-Doll-Spits-Cubes?ev=item-vc,1981,Ton Um Ton Records ‎,TUT 120 641
850,Leben Und Arbeiten,Leben Und Arbeiten,"12""",5,40.00,4.11,27,143,216,0,NM ,VG+,https://discogs.com/release/85803-Leben-Und-Arbeiten-Leben-Und-Arbeiten?ev=item-vc,May,Zickzack ‎,ZZ 105
851,Devo,Stuck In A Loop,"7""",2,40.00,5.00,1,13,52,0,NM ,VG+,https://discogs.com/release/3096661-Devo-Stuck-In-A-Loop?ev=item-vc,1990,Enigma (4) ‎,"006-20 4111 7, EMI Germany ‎– 006-20 4111 7"
852,Morris And The Minors,State The Obvious,"7""",4,60.00,4.44,9,51,64,0,NM ,NM ,https://discogs.com/release/2246385-Morris-And-The-Minors-State-The-Obvious?ev=item-vc,1979,Round Records (6) ‎,MOR 1
853,U Must B Joking,Megalomania / Psyche Man (Park Of Tervuren) / Nothing To Do (But Stay Close To You),"7""",3,10.00,5.00,2,7,5,0,VG+,VG+,https://discogs.com/release/5051102-U-Must-B-Joking-Megalomania-Psyche-Man-Park-Of-Tervuren-Nothing-To-Do-But-Stay-Close-To-You-?ev=item-vc,1982,Warped Records (20) ‎,WR 01
854,Ronnie Spector,"Here Today, Gone Tomorrow","7""",2,15.00,5.00,2,11,22,0,NM ,VG+,https://discogs.com/release/3472614-Ronnie-Spector-Here-Today-Gone-Tomorrow?ev=item-vc,1981,Red Shadow Records ‎,RED S 011
855,Hermine (3),Torture,"7""",2,18.00,4.77,13,93,131,0,NM ,NM ,https://discogs.com/release/1197444-Hermine-Torture?ev=item-vc,Aug,Salomé Discs ‎,VS 347
856,Significant Zerøs*,Jungle / Stiff Citizens,"7""",2,40.00,4.33,3,51,64,0,NM ,VG+,https://discogs.com/release/2372043-Significant-Zer%C3%B8s-Jungle-Stiff-Citizens?ev=item-vc,1981,Dingy Toons Records ‎,dinge one
857,Delmontes*,Tous Les Soirs,"7""",3,50.00,N/A,N/A,9,43,0,NM ,NM ,https://discogs.com/release/11989552-Delmontes-Tous-Les-Soirs?ev=item-vc,Sep,Rational Records ‎,RATE 1
859,The Tapes (2),Party,LP,35,25.86,4.50,2,32,11,1,M,M,https://discogs.com/release/12844972-The-Tapes-Party?ev=item-vc,2018,Concerto Records ‎,"CR 0053, Concerto Records ‎– CRCD 371"
860,Sexores,Salamanca,LP,13,30.87,4.60,5,18,8,1,M,M,https://discogs.com/release/18676405-Sexores-Salamanca?ev=item-vc,2020,Buh Records ‎,BR139
861,Die Zucht,Heimatlied,LP,11,30.82,4.38,8,54,5,0,M,M,https://discogs.com/release/16207151-Die-Zucht-Heimatlied?ev=item-vc,2020,Major Label (2) ‎,ML 153
862,Schulverweis,Suppe,LP,11,28.95,4.63,8,32,30,0,M,M,https://discogs.com/release/15626278-Schulverweis-Suppe?ev=item-vc,2020,Neoprimitive ‎,"NP 006, Hafenschlamm Rekords ‎– HR 027"
863,Familie Hesselbach,Familie Hesselbach,LP,19,33.93,4.67,12,95,34,1,M,M,https://discogs.com/release/16357992-Familie-Hesselbach-Familie-Hesselbach?ev=item-vc,2020,Play Loud! (2) ‎,pl-107
864,Meike*,Tsch Tsch Tschau,"7""",2,15.00,4.00,1,16,7,0,VG+,VG+,https://discogs.com/release/4402290-Meike-Tsch-Tsch-Tschau?ev=item-vc,1986,Koch Records International ‎,AS 145.260
869,Het Goede Doel,Allein,"7""",2,40.00,4.50,2,16,26,0,NM ,NM ,https://discogs.com/release/3274540-Het-Goede-Doel-Allein?ev=item-vc,1983,CNR ‎,815 917-7
870,Ti-Tho,Elefantenjäger,"7""",2,80.00,4.33,6,28,171,0,NM ,VG+,https://discogs.com/release/2469007-Ti-Tho-Elefantenj%C3%A4ger?ev=item-vc,1983,TELDEC ‎,"6.13 834, TELDEC ‎– 6.13834 AC"
871,Basta (4),Betriebsausflug / La Cage,"7""",2,25.00,3.91,11,26,27,0,NM ,NM ,https://discogs.com/release/2604224-Basta-Betriebsausflug-La-Cage?ev=item-vc,1982,Berlin Rock News ‎,66.11 472-01
876,Various,Liebestoll-EP,"7""",4,100.00,4.86,7,33,83,1,VG+,VG+,https://discogs.com/release/2034862-Various-Liebestoll-EP?ev=item-vc,1982,Knatterton Studio ‎,U-PROD.00-SEX
877,Lizzy Mercier Descloux,Press Color,LP,8,80.00,4.20,79,713,1274,0,NM ,VG+,https://discogs.com/release/63313-Lizzy-Mercier-Descloux-Press-Color?ev=item-vc,1979,ZE Records ‎,"ZEA 33-004, ZE Records ‎– ZEA 33004"
878,Prädikat Wertvoll,Schlechte Welt,"7""",4,20.00,3.00,4,10,22,0,NM ,VG+,https://discogs.com/release/7576983-Pr%C3%A4dikat-Wertvoll-Schlechte-Welt?ev=item-vc,,Not On Label (Prädikat Wertvoll Self-released) ‎,66.10290-01-1
879,Blümchen Blau,Flieger,"7""",2,15.00,4.14,14,62,110,0,VG+,VG,https://discogs.com/release/1304032-Bl%C3%BCmchen-Blau-Flieger?ev=item-vc,1981,ZYX Records ‎,1009
880,Kleenex,Kleenex,"7""",4,50.00,3.92,12,110,400,0,VG+,VG,https://discogs.com/release/8099061-Kleenex-Kleenex?ev=item-vc,1978,Sunrise (2) ‎,078-S 1964
881,Grauzone,Moskau,"7""",2,60.00,4.00,14,77,361,0,NM ,VG+,https://discogs.com/release/785311-Grauzone-Moskau?ev=item-vc,1983,Astan ‎,10 10 47
883,The Guests (3),Popular Music,"12""",11,26.87,3.60,5,89,13,0,M,M,https://discogs.com/release/12358654-The-Guests-Popular-Music?ev=item-vc,2018,SABOTAGE ‎,SABO117
885,Bollerman,Papiertia,"7""",4,80.00,5.00,3,28,100,0,VG+,VG+,https://discogs.com/release/1437879-Bollerman-Papiertia?ev=item-vc,1984,Britzel Brilliant Prod. ‎,13757
887,Various,Vaultage 80: A Vinyl Chapter,LP,14,15.00,4.07,15,152,168,0,NM ,VG+,https://discogs.com/release/1623666-Various-Vaultage-80-A-Vinyl-Chapter?ev=item-vc,1980,Attrix Records ‎,RB 11
888,Flo Sullivan /,Higher,"12""",5,20.79,4.82,17,131,158,0,M,M,https://discogs.com/release/16044202-Flo-Sullivan-Gayna-Rose-Madder-Higher?ev=item-vc,2020,Betonska ‎,BET001
891,1. Futurologischer Congress,Posthum,"7""",3,50.00,3.92,12,48,112,0,VG+,VG+,https://discogs.com/release/2000306-1-Futurologischer-Congress-Posthum?ev=item-vc,1981,Preußen Records ‎,"66.10.220, CIA-Productions ‎– 13.8.81-0"
893,Smalts /,Periodiciteit / En De Stad,"7""",2,17.92,5.00,8,88,56,0,M,M,https://discogs.com/release/15656352-Smalts-Human-Flesh-Periodiciteit-En-De-Stad?ev=item-vc,2020,Stroom (2) ‎,"STR7-045, Blowpipe ‎– BP145"
894,Stano,Anthology,LP,18,28.78,4.70,10,72,72,0,M,M,https://discogs.com/release/15880254-Stano-Anthology?ev=item-vc,2020,Allchival ‎,ACSLPx2
895,De Brassers,Alternative News,LP,8,26.74,4.47,17,125,34,1,M,M,https://discogs.com/release/15815289-De-Brassers-Alternative-News?ev=item-vc,2020,Bras Records ‎,none
907,Maxim Rad,Times Ain't That Bad,LP,10,10.90,3.84,19,160,3,0,VG+,VG+,https://discogs.com/release/3512841-Maxim-Rad-Times-Aint-That-Bad?ev=item-vc,1980,Disques Dreyfus ‎,"FDM 84276, Disques Dreyfus ‎– 84276"
908,Denis Lecarme,L'enfant Éternel,"7""",2,15.79,5.00,1,13,1,0,M,M,https://discogs.com/release/15396009-Denis-Lecarme-Lenfant-%C3%89ternel?ev=item-vc,2020,Dangerhouse Skylab ‎,DSL 040
910,The Happy Sun,The Happy Sun,LP,12,26.83,5.00,1,5,1,0,M,M,https://discogs.com/release/14927244-The-Happy-Sun-The-Happy-Sun?ev=item-vc,2019,Noise Appeal Records ‎,noise80
912,English Subtitles,Tannoy / Cars On Fire,"7""",2,15.87,4.32,19,168,89,0,M,M,https://discogs.com/release/665483-English-Subtitles-Tannoy-Cars-On-Fire?ev=item-vc,1981,Glass Records (2) ‎,"GLASS 007, Ten Seconds Too Late ‎– 10 SEC 21"
917,Various,Kiwi Animals: Future/Primitive Aotearoa 82-91,LP,11,41.97,5.00,14,189,152,0,M,M,https://discogs.com/release/15196848-Various-Kiwi-Animals-FuturePrimitive-Aotearoa-82-91?ev=item-vc,2020,Strangelove Music ‎,SL105
918,Japan,Quiet Life,LP,8,43.90,4.16,57,433,192,0,NM ,NM ,https://discogs.com/release/2041512-Japan-Quiet-Life?ev=item-vc,Dec,Ariola Records America ‎,"AHAL 8010, Ariola Records ‎– AHAL 8010, Ariola Hansa ‎– AHAL 8010"
920,Urban Heroes,Live,LP,15,11.90,3.54,13,191,9,0,NM ,NM ,https://discogs.com/release/2442808-Urban-Heroes-Live?ev=item-vc,1981,Fleet ‎,204.230
923,Use Knife,Tropentarn,"12""",3,22.81,N/A,N/A,25,8,0,M,M,https://discogs.com/release/14887603-Use-Knife-Tropentarn?ev=item-vc,2020,Wool-E Discs ‎,WED074
926,Shrinkwrap Killers,Parents + FBI = Cahoots,LP,10,18.80,5.00,1,20,5,0,M,M,https://discogs.com/release/15883625-Shrinkwrap-Killers-Parents-FBI-Cahoots?ev=item-vc,2020,Rockstar Records ‎,RSR077
928,Strassenjungs,Wir Ham Ne Party,LP,12,14.90,3.84,55,714,42,0,VG+,VG+,https://discogs.com/release/2358880-Strassenjungs-Wir-Ham-Ne-Party?ev=item-vc,1979,Tritt Records ‎,TRITT 001
932,VAU!!,Valkokankaat,LP,8,27.76,4.50,2,28,9,0,M,M,https://discogs.com/release/14372037-VAU-Valkokankaat?ev=item-vc,2019,Stupido Records ‎,TWINLP213
936,Totenwald,Forward To The Past,"12""",4,22.89,4.50,10,104,23,1,M,M,https://discogs.com/release/15036943-Totenwald-Forward-To-The-Past?ev=item-vc,2020,Plastic Bomb Records ‎,"PBR-096, Not On Label (Totenwald Self-released) ‎– TOT-001"
939,Erik Nervous & The Beta Blockers,Erik Nervous & The Beta Blockers,LP,12,27.94,5.00,3,83,32,0,M,M,https://discogs.com/release/14857857-Erik-Nervous-The-Beta-Blockers-Erik-Nervous-The-Beta-Blockers?ev=item-vc,2020,Drunken Sailor Records ‎,DRUNKENSAILOR120
948,Various,The Early Days,LP,38,32.76,4.60,10,130,23,0,M,M,https://discogs.com/release/14884639-Various-The-Early-Days?ev=item-vc,2020,Unter Schafen Records ‎,USR#089
953,KORINTHIANS,Chaos Control,LP,10,30.89,N/A,N/A,11,4,1,M,M,https://discogs.com/release/15659231-KORINTHIANS-Chaos-Control?ev=item-vc,2020,not on label ‎,KOR003
954,Sink Ya Teeth,Two,LP,10,33.95,5.00,3,77,18,0,M,M,https://discogs.com/release/14999117-Sink-Ya-Teeth-Two?ev=item-vc,2020,Hey Buffalo Records ‎,HB10LP
956,Wagonman,Desire,"10""",4,24.95,3.50,2,36,5,0,M,M,https://discogs.com/release/7808932-Wagonman-Desire?ev=item-vc,2014,Wagonmaniac Music ‎,000
958,Der Moderne Man,Unmodern,LP,12,27.98,4.38,8,82,22,0,M,M,https://discogs.com/release/14495307-Der-Moderne-Man-Unmodern?ev=item-vc,2019,Rockers Records (3) ‎,Rocket 008
960,NØX,You're Alone But That's Ok,LP,9,24.96,4.00,3,27,2,0,M,M,https://discogs.com/release/14504279-N%C3%98X-Youre-Alone-But-Thats-Ok?ev=item-vc,2019,Twisted Chords ‎,TC181
961,Vukovar,Cremator,LP,11,32.86,4.25,4,11,14,1,M,M,https://discogs.com/release/13653201-Vukovar-Cremator?ev=item-vc,2019,Other Voices Records ‎,VOX 43 LP
963,Mekons*,The Edge Of The World,LP,13,44.83,4.45,11,152,44,0,M,M,https://discogs.com/release/14209450-Mekons-The-Edge-Of-The-World?ev=item-vc,2019,Sin Record Company ‎,SIN 003
966,Phantom Limb (2) /,Dance Of The Guilty / The Happier Hunting Ground,LP,18,26.87,4.64,14,114,91,1,M,M,https://discogs.com/release/7042813-Phantom-Limb-2-The-Happy-Hunting-Ground-Dance-Of-The-Guilty-The-Happier-Hunting-Ground?ev=item-vc,2015,Minimal Maximal ‎,"MM015, Minimal Maximal ‎– MM015 CD"
969,Various,Effenaar,"7""",7,16.89,4.57,14,72,84,0,M,M,https://discogs.com/release/9571155-Various-Effenaar?ev=item-vc,2017,Discos Transgénero ‎,TRANS-1
971,The World (14),Nights,LP,8,30.82,5.00,2,16,0,0,M,M,https://discogs.com/release/12804358-The-World-Nights?ev=item-vc,2018,Kythibong ‎,KTB66
972,TV Party,TV Party,LP,12,30.83,5.00,5,27,11,0,M,M,https://discogs.com/release/13893038-TV-Party-TV-Party?ev=item-vc,2019,Outro Records ‎,OUTRO-016
981,Ghosts Of Dance,Walking Through Gardens,LP,11,32.75,4.73,11,115,78,0,M,M,https://discogs.com/release/13499320-Ghosts-Of-Dance-Walking-Through-Gardens?ev=item-vc,2019,Dark Entries ‎,DE-248
983,Doll By Doll,Remember,LP,7,11.90,3.58,12,160,15,0,NM ,NM ,https://discogs.com/release/3188670-Doll-By-Doll-Remember?ev=item-vc,1979,Automatic Record Co. ‎,"WB 56 618, Warner Bros. Records ‎– K 56618"
990,The Police,Synchronicity,LP,10,63.90,4.25,8,81,167,0,NM ,NM ,https://discogs.com/release/10247647-The-Police-Synchronicity?ev=item-vc,Aug,PGP RTB ‎,"2420139, A&M Records ‎– AMLX 63735, A&M Records ‎– ANLX 63735"
993,Minimal Compact,Deadly Weapons,LP,9,21.90,4.29,21,276,111,0,NM ,NM ,https://discogs.com/release/211980-Minimal-Compact-Deadly-Weapons?ev=item-vc,1984,Riskant ‎,Riskant 4008
994,Minisex,Bikini Atoll,LP,9,7.90,3.80,10,70,27,0,NM ,VG+,https://discogs.com/release/7940899-Minisex-Bikini-Atoll?ev=item-vc,1982,Schallter ‎,204 387-320
996,Misspent Youth (2),Betcha Won't Dance,"7""",2,75.00,4.00,4,59,71,0,VG+,NM ,https://discogs.com/release/2239140-Misspent-Youth-Betcha-Wont-Dance?ev=item-vc,1979,Big Bear Records ‎,BB 20
998,Apb (2),One Day,"12""",2,13.90,4.57,7,159,41,0,M,NM ,https://discogs.com/release/929236-Apb-One-Day?ev=item-vc,1983,Oily Records ‎,SLICK 12/10
